funding_per_student_usd,avg_test_score_percent,student_teacher_ratio,percent_low_income,percent_minority,internet_access_percent,dropout_rate_percent,state_California,state_Florida,state_Georgia,state_Illinois,state_Michigan,state_New York,state_North Carolina,state_Ohio,state_Pennsylvania,state_Texas,school_type_Charter,school_type_Private,school_type_Public,grade_level_Elementary,grade_level_High,grade_level_Middle
23559.56,93.5,17.4,37.8,27.1,87.4,0.74,0.0,0.0,0.0,0.0,0.0,0.0,0.0,0.0,0.0,1.0,0.0,0.0,1.0,0.0,0.0,1.0
21000.4,83.7,20.7,19.3,69.0,74.30436706542969,12.41,0.0,1.0,0.0,0.0,0.0,0.0,0.0,0.0,0.0,0.0,0.0,0.0,1.0,1.0,0.0,0.0
6934.54,89.6,10.7,53.5,57.7,54.2,2.12,0.0,0.0,0.0,0.0,0.0,0.0,0.0,1.0,0.0,0.0,0.0,1.0,0.0,0.0,0.0,1.0
16441.31,57.3,28.1,63.5,50.419681549072266,89.4,3.14,0.0,0.0,0.0,0.0,0.0,0.0,0.0,0.0,0.0,0.0,0.0,0.0,1.0,0.0,1.0,0.0
9151.9,89.0,17.4,68.9,86.5,58.1,4.79,0.0,0.0,0.0,0.0,1.0,0.0,0.0,0.0,0.0,0.0,1.0,0.0,0.0,0.0,0.0,0.0
24702.86,73.3,22.0,21.8,67.5,61.6,1.18,0.0,0.0,0.0,0.0,0.0,0.0,0.0,1.0,0.0,0.0,0.0,1.0,0.0,0.0,1.0,0.0
19639.17,61.0,19.336584091186523,53.2,47.7,55.8,12.11,0.0,0.0,0.0,1.0,0.0,0.0,0.0,0.0,0.0,0.0,1.0,0.0,0.0,1.0,0.0,0.0
23806.61,52.6,25.2,56.3,42.1,73.38286590576172,13.27,0.0,1.0,0.0,0.0,0.0,0.0,0.0,0.0,0.0,0.0,0.0,0.0,1.0,1.0,0.0,0.0
22737.04,79.2,10.4,75.6,41.8,56.1,3.63,0.0,0.0,0.0,1.0,0.0,0.0,0.0,0.0,0.0,0.0,1.0,0.0,0.0,0.0,0.0,1.0
18820.76,44.9,12.0,44.9,30.3,73.22430419921875,11.29,0.0,1.0,0.0,0.0,0.0,0.0,0.0,0.0,0.0,0.0,0.0,0.0,1.0,1.0,0.0,0.0
9839.32,63.4,16.0,55.9,22.4,80.0,12.89,0.0,0.0,0.0,0.0,0.0,1.0,0.0,0.0,0.0,0.0,0.0,1.0,0.0,0.0,1.0,0.0
20737.9,65.4,15.1,86.8,94.1,63.2,9.48,0.0,0.0,0.0,0.0,0.0,1.0,0.0,0.0,0.0,0.0,0.0,1.0,0.0,1.0,0.0,0.0
12901.02,72.3,15.3,59.2,16.7,50.1,14.86,0.0,0.0,0.0,0.0,0.0,0.0,0.0,0.0,0.0,1.0,0.0,1.0,0.0,1.0,0.0,0.0
17323.96,88.6,14.3,32.1,64.4,83.3,0.94,0.0,0.0,0.0,0.0,0.0,0.0,0.0,1.0,0.0,0.0,0.0,0.0,1.0,0.0,0.0,0.0
13518.15,82.1,25.36849594116211,77.0,10.9,51.4,14.0,0.0,0.0,0.0,0.0,0.0,1.0,0.0,0.0,0.0,0.0,0.0,1.0,0.0,1.0,0.0,0.0
10008.7,98.1,24.3,76.8,69.8,76.8,4.55,0.0,1.0,0.0,0.0,0.0,0.0,0.0,0.0,0.0,0.0,0.0,0.0,1.0,0.0,0.0,1.0
18622.82,97.4,14.3,40.9,33.8,55.2,3.06,0.0,1.0,0.0,0.0,0.0,0.0,0.0,0.0,0.0,0.0,1.0,0.0,0.0,1.0,0.0,0.0
17592.66,96.8,19.9,63.3,34.0,92.0,8.22,0.0,0.0,0.0,0.0,0.0,0.0,0.0,0.0,0.0,0.0,0.0,0.0,1.0,1.0,0.0,0.0
17606.294921875,52.1,13.2,43.8,19.6,85.7,5.57,0.0,0.0,0.0,0.0,0.0,1.0,0.0,0.0,0.0,0.0,0.0,1.0,0.0,1.0,0.0,0.0
18451.82421875,69.7,12.3,15.9,8.5,80.1,5.11,0.0,1.0,0.0,0.0,0.0,0.0,0.0,0.0,0.0,0.0,0.0,1.0,0.0,0.0,0.0,1.0
10539.84,79.9,23.6,50.4,60.5,97.4,4.7,0.0,0.0,0.0,0.0,0.0,0.0,0.0,0.0,1.0,0.0,0.0,1.0,0.0,0.0,0.0,0.0
20276.76,72.76156616210938,28.9,36.4,21.2,60.5,11.89,0.0,0.0,0.0,0.0,0.0,0.0,0.0,0.0,1.0,0.0,1.0,0.0,0.0,1.0,0.0,0.0
24955.96,62.4885139465332,19.4,30.7,9.3,53.7,5.25,0.0,0.0,0.0,0.0,0.0,0.0,1.0,0.0,0.0,0.0,1.0,0.0,0.0,1.0,0.0,0.0
8712.23,97.1,28.5,54.1,78.7,80.1,12.59,0.0,1.0,0.0,0.0,0.0,0.0,0.0,0.0,0.0,0.0,1.0,0.0,0.0,0.0,0.0,1.0
9221.91,91.7,21.101964950561523,39.34236526489258,56.7,54.3,12.52,0.0,0.0,0.0,0.0,0.0,0.0,0.0,0.0,0.0,1.0,1.0,0.0,0.0,1.0,0.0,0.0
24890.74,72.8,19.666723251342773,60.58197784423828,35.8,51.1,14.75,0.0,0.0,0.0,0.0,0.0,1.0,0.0,0.0,0.0,0.0,0.0,0.0,1.0,0.0,0.0,1.0
14951.05,68.2,14.9,84.3,43.4,53.0,5.2,0.0,0.0,0.0,0.0,0.0,1.0,0.0,0.0,0.0,0.0,0.0,1.0,0.0,0.0,1.0,0.0
13186.67,45.1,14.3,44.1,70.5,75.3,4.83,0.0,1.0,0.0,0.0,0.0,0.0,0.0,0.0,0.0,0.0,0.0,1.0,0.0,0.0,0.0,1.0
12300.19,71.4876480102539,15.3,53.7,60.1,56.0,10.08,0.0,0.0,0.0,0.0,1.0,0.0,0.0,0.0,0.0,0.0,1.0,0.0,0.0,0.0,1.0,0.0
13672.451171875,45.1,27.0,45.3,86.9,68.00715637207031,14.17,0.0,0.0,0.0,0.0,0.0,1.0,0.0,0.0,0.0,0.0,0.0,0.0,1.0,0.0,0.0,1.0
20499.45,59.5,27.3,45.7,14.9,71.6,11.29,0.0,0.0,0.0,0.0,0.0,1.0,0.0,0.0,0.0,0.0,0.0,0.0,1.0,0.0,0.0,1.0
7529.05,48.3,25.5,70.0,33.7,62.7,6.05,0.0,0.0,0.0,0.0,0.0,0.0,0.0,0.0,0.0,0.0,0.0,0.0,1.0,0.0,0.0,1.0
15823.87,85.3,19.3,18.8,39.5,81.4,5.12,0.0,0.0,0.0,0.0,0.0,0.0,0.0,0.0,0.0,0.0,0.0,0.0,1.0,1.0,0.0,0.0
23266.81,96.4,25.1,74.0,83.1,68.3,4.3,0.0,0.0,0.0,0.0,1.0,0.0,0.0,0.0,0.0,0.0,0.0,1.0,0.0,0.0,0.0,1.0
18227.52,48.1,22.0,48.796810150146484,73.9,56.3,3.23,0.0,0.0,0.0,0.0,0.0,0.0,1.0,0.0,0.0,0.0,0.0,1.0,0.0,1.0,0.0,0.0
7989.19,77.4,14.4,57.9,87.3,89.4,12.16,0.0,0.0,0.0,0.0,0.0,0.0,0.0,0.0,1.0,0.0,0.0,0.0,1.0,0.0,1.0,0.0
14567.8,77.3,16.6,20.4,76.8,62.3,8.54,0.0,0.0,0.0,1.0,0.0,0.0,0.0,0.0,0.0,0.0,1.0,0.0,0.0,1.0,0.0,0.0
15405.36,99.9,14.3,83.9,41.6,75.76876068115234,14.34,0.0,0.0,1.0,0.0,0.0,0.0,0.0,0.0,0.0,0.0,0.0,1.0,0.0,0.0,1.0,0.0
24558.03,62.5,16.7,92.0,62.3,79.9,14.07,1.0,0.0,0.0,0.0,0.0,0.0,0.0,0.0,0.0,0.0,1.0,0.0,0.0,1.0,0.0,0.0
15827.2919921875,77.2,26.3,41.8,80.2,95.7,3.75,0.0,0.0,1.0,0.0,0.0,0.0,0.0,0.0,0.0,0.0,0.0,1.0,0.0,0.0,0.0,1.0
6857.49,81.5,26.2,82.7,72.0,55.5,13.45,0.0,0.0,0.0,0.0,0.0,0.0,0.0,0.0,0.0,1.0,0.0,1.0,0.0,1.0,0.0,0.0
24125.34,80.4,20.5,71.3,9.7,69.9,5.13,0.0,1.0,0.0,0.0,0.0,0.0,0.0,0.0,0.0,0.0,0.0,1.0,0.0,0.0,1.0,0.0
6712.11,54.7,26.9,25.7,47.4,60.0,5.58,0.0,0.0,0.0,1.0,0.0,0.0,0.0,0.0,0.0,0.0,0.0,1.0,0.0,0.0,1.0,0.0
6616.41,84.5,20.3,60.9,77.1,70.248291015625,13.7,0.0,0.0,0.0,0.0,0.0,0.0,0.0,0.0,0.0,0.0,0.0,1.0,0.0,0.0,0.0,1.0
16076.69,78.5,13.7,89.6,82.6,54.5,5.85,0.0,0.0,0.0,0.0,0.0,0.0,0.0,0.0,0.0,1.0,0.0,0.0,1.0,1.0,0.0,0.0
7203.75,67.1,22.2,65.0,49.4,58.6,14.9,0.0,0.0,0.0,0.0,0.0,0.0,0.0,0.0,1.0,0.0,1.0,0.0,0.0,0.0,0.0,1.0
17667.6,46.1,26.9,44.5,34.78046417236328,59.8,11.21,0.0,0.0,0.0,1.0,0.0,0.0,0.0,0.0,0.0,0.0,1.0,0.0,0.0,1.0,0.0,0.0
24602.03,46.8,13.5,53.49465560913086,55.7515869140625,73.5,11.5,0.0,0.0,0.0,0.0,0.0,0.0,0.0,0.0,1.0,0.0,0.0,1.0,0.0,0.0,1.0,0.0
19248.09,92.4,25.8,75.3,11.0,66.4,13.71,0.0,0.0,0.0,0.0,0.0,0.0,1.0,0.0,0.0,0.0,0.0,1.0,0.0,1.0,0.0,0.0
14502.9,80.6115951538086,17.4,71.2,35.0,88.0,11.86,0.0,0.0,0.0,0.0,0.0,1.0,0.0,0.0,0.0,0.0,0.0,1.0,0.0,0.0,0.0,1.0
23377.05,85.8,19.1,23.1,37.4,90.5,6.75,0.0,0.0,0.0,1.0,0.0,0.0,0.0,0.0,0.0,0.0,0.0,0.0,1.0,0.0,1.0,0.0
10336.9,77.1,24.2,52.0,84.6,68.3,8.79,0.0,0.0,0.0,1.0,0.0,0.0,0.0,0.0,0.0,0.0,1.0,0.0,0.0,0.0,0.0,1.0
13184.84,78.1,20.65804100036621,49.7,60.0,73.5,5.94,0.0,0.0,0.0,0.0,1.0,0.0,0.0,0.0,0.0,0.0,0.0,1.0,0.0,1.0,0.0,0.0
14768.73,91.3,11.2,36.0,15.0,94.3,7.55,0.0,0.0,0.0,1.0,0.0,0.0,0.0,0.0,0.0,0.0,0.0,0.0,1.0,1.0,0.0,0.0
5157.76,54.1,15.2,34.8,68.7,74.4,12.29,1.0,0.0,0.0,0.0,0.0,0.0,0.0,0.0,0.0,0.0,0.0,1.0,0.0,1.0,0.0,0.0
12880.1650390625,65.5,10.7,84.9,34.6,80.1,7.54,0.0,0.0,0.0,0.0,0.0,0.0,0.0,0.0,0.0,0.0,0.0,1.0,0.0,0.0,0.0,1.0
17262.97,49.7,24.9,84.4,65.5,61.8,12.54,0.0,0.0,0.0,0.0,0.0,0.0,0.0,0.0,0.0,0.0,0.0,1.0,0.0,0.0,1.0,0.0
6110.34,41.0,11.3,26.4,32.2,60.9,8.95,0.0,0.0,1.0,0.0,0.0,0.0,0.0,0.0,0.0,0.0,0.0,1.0,0.0,1.0,0.0,0.0
16080.69,75.1,14.3,66.1,81.4,51.6,4.22,0.0,0.0,1.0,0.0,0.0,0.0,0.0,0.0,0.0,0.0,0.0,1.0,0.0,0.0,0.0,0.0
14930.51,46.3,26.8,64.5,12.6,70.1,11.95,0.0,0.0,0.0,0.0,0.0,0.0,0.0,0.0,1.0,0.0,0.0,1.0,0.0,1.0,0.0,0.0
20107.43,80.2,10.4,42.9,29.3,65.5,3.77,0.0,0.0,0.0,0.0,0.0,0.0,1.0,0.0,0.0,0.0,1.0,0.0,0.0,0.0,0.0,0.0
21795.7,93.5,16.2,77.6,46.57415008544922,77.4695816040039,5.68,0.0,0.0,1.0,0.0,0.0,0.0,0.0,0.0,0.0,0.0,0.0,1.0,0.0,0.0,1.0,0.0
7179.17,62.5,26.9,75.2,23.3,87.0,8.82,0.0,0.0,0.0,0.0,0.0,0.0,0.0,0.0,0.0,0.0,0.0,0.0,1.0,1.0,0.0,0.0
20789.17,59.4,26.0,39.1,27.9,84.8,8.61,0.0,0.0,0.0,0.0,0.0,0.0,0.0,0.0,1.0,0.0,0.0,1.0,0.0,0.0,1.0,0.0
6010.14,40.5,11.4,61.385406494140625,68.1,85.4,2.64,0.0,0.0,0.0,0.0,0.0,0.0,1.0,0.0,0.0,0.0,0.0,1.0,0.0,0.0,0.0,1.0
5409.79,43.2,12.4,82.5,45.099510192871094,58.2,7.95,0.0,0.0,0.0,0.0,0.0,0.0,0.0,1.0,0.0,0.0,0.0,0.0,1.0,0.0,0.0,1.0
9228.96,82.4,13.2,32.4,33.5,91.0,4.86,1.0,0.0,0.0,0.0,0.0,0.0,0.0,0.0,0.0,0.0,1.0,0.0,0.0,1.0,0.0,0.0
19143.43,81.4,25.2,16.3,78.2,65.3,6.58,0.0,1.0,0.0,0.0,0.0,0.0,0.0,0.0,0.0,0.0,0.0,1.0,0.0,1.0,0.0,0.0
14011.98,86.0,15.2,16.6,89.1,60.8,9.55,0.0,1.0,0.0,0.0,0.0,0.0,0.0,0.0,0.0,0.0,0.0,1.0,0.0,0.0,1.0,0.0
19629.29,62.7,19.9,70.8,63.2,51.5,6.38,0.0,0.0,0.0,0.0,0.0,1.0,0.0,0.0,0.0,0.0,0.0,0.0,1.0,0.0,1.0,0.0
16179.94,73.3,15.3,19.3,49.4,83.8,12.47,0.0,0.0,0.0,0.0,0.0,0.0,0.0,1.0,0.0,0.0,0.0,1.0,0.0,0.0,1.0,0.0
23643.31,79.3,22.5,71.55152893066406,94.6,58.1,2.9,0.0,0.0,1.0,0.0,0.0,0.0,0.0,0.0,0.0,0.0,0.0,0.0,1.0,0.0,1.0,0.0
20289.75,76.5,15.5,59.3,39.6,90.6,13.24,0.0,0.0,1.0,0.0,0.0,0.0,0.0,0.0,0.0,0.0,1.0,0.0,0.0,0.0,0.0,1.0
14129.07421875,67.1,17.8,90.8,44.3,61.4,8.36,0.0,0.0,1.0,0.0,0.0,0.0,0.0,0.0,0.0,0.0,1.0,0.0,0.0,1.0,0.0,0.0
23784.47,68.93191528320312,23.7,36.0,43.62544631958008,80.9,3.0,0.0,0.0,0.0,0.0,0.0,0.0,0.0,0.0,0.0,0.0,0.0,0.0,1.0,0.0,1.0,0.0
17439.703125,68.6,14.9,89.3,94.3,54.9,1.62,0.0,0.0,0.0,0.0,0.0,1.0,0.0,0.0,0.0,0.0,1.0,0.0,0.0,0.0,0.0,1.0
17941.97,73.4,20.7,19.0,54.1,60.9,8.63,0.0,1.0,0.0,0.0,0.0,0.0,0.0,0.0,0.0,0.0,0.0,0.0,1.0,0.0,0.0,1.0
14175.0029296875,47.8,16.0,85.0,55.7,76.29721069335938,14.65,0.0,0.0,0.0,0.0,0.0,0.0,0.0,0.0,1.0,0.0,1.0,0.0,0.0,0.0,1.0,0.0
6934.67,64.6,28.7,93.3,14.0,98.4,6.18,1.0,0.0,0.0,0.0,0.0,0.0,0.0,0.0,0.0,0.0,0.0,0.0,1.0,0.0,0.0,1.0
14402.65,96.6,14.8,27.1,13.2,70.5,12.19,0.0,0.0,0.0,1.0,0.0,0.0,0.0,0.0,0.0,0.0,0.0,0.0,1.0,0.0,0.0,1.0
11152.11,74.5,18.888399124145508,50.8,48.22312545776367,94.4,11.1,0.0,0.0,0.0,0.0,0.0,0.0,0.0,0.0,0.0,1.0,0.0,0.0,1.0,0.0,1.0,0.0
12233.55,66.7,22.2,91.2,39.4,69.90116882324219,1.04,0.0,0.0,0.0,0.0,0.0,0.0,0.0,0.0,1.0,0.0,0.0,1.0,0.0,0.0,1.0,0.0
9137.27,45.4,14.9,28.3,82.7,64.4,13.57,0.0,0.0,0.0,0.0,1.0,0.0,0.0,0.0,0.0,0.0,0.0,0.0,1.0,0.0,0.0,1.0
11673.46,83.0,21.3,60.0,28.6,83.2,8.95,0.0,0.0,0.0,0.0,1.0,0.0,0.0,0.0,0.0,0.0,0.0,0.0,1.0,0.0,0.0,1.0
22721.18,92.8,16.6,35.1,22.7,77.7,2.3,0.0,0.0,0.0,0.0,0.0,0.0,1.0,0.0,0.0,0.0,0.0,1.0,0.0,0.0,1.0,0.0
7316.46,91.7,18.752925872802734,19.5,20.9,77.0,2.91,1.0,0.0,0.0,0.0,0.0,0.0,0.0,0.0,0.0,0.0,1.0,0.0,0.0,0.0,0.0,1.0
8138.46,90.8,10.0,46.7,58.4,58.4,6.75,0.0,0.0,0.0,0.0,0.0,0.0,0.0,0.0,0.0,0.0,0.0,0.0,1.0,0.0,1.0,0.0
14532.3955078125,90.0,24.4,57.0,32.7,74.64379119873047,12.0,0.0,1.0,0.0,0.0,0.0,0.0,0.0,0.0,0.0,0.0,1.0,0.0,0.0,0.0,0.0,1.0
7991.43,80.4,12.2,14.0,29.3,78.2,6.81,0.0,0.0,0.0,0.0,0.0,0.0,1.0,0.0,0.0,0.0,1.0,0.0,0.0,0.0,0.0,1.0
17219.41,88.4,27.0,31.3,78.4,72.14405059814453,5.78,0.0,0.0,0.0,0.0,0.0,0.0,0.0,1.0,0.0,0.0,0.0,1.0,0.0,0.0,0.0,1.0
17230.94,74.9091796875,19.036203384399414,69.3,35.5,92.1,11.83,0.0,0.0,0.0,0.0,0.0,0.0,0.0,0.0,0.0,1.0,0.0,1.0,0.0,0.0,0.0,0.0
10080.15,57.4,16.8,60.6,40.2,95.4,1.21,1.0,0.0,0.0,0.0,0.0,0.0,0.0,0.0,0.0,0.0,0.0,0.0,1.0,0.0,0.0,0.0
13705.49,77.0,27.4,28.3,7.7,68.0,8.09,0.0,1.0,0.0,0.0,0.0,0.0,0.0,0.0,0.0,0.0,1.0,0.0,0.0,1.0,0.0,0.0
20753.33,70.2,21.6,19.0,40.5,77.8,5.58,0.0,0.0,0.0,0.0,1.0,0.0,0.0,0.0,0.0,0.0,0.0,1.0,0.0,1.0,0.0,0.0
22092.54,42.2,18.3,52.7,64.0,63.9,3.9,0.0,0.0,0.0,0.0,0.0,0.0,1.0,0.0,0.0,0.0,0.0,1.0,0.0,1.0,0.0,0.0
19831.89,58.3,16.8,89.4,94.7,78.1,0.67,0.0,0.0,0.0,0.0,0.0,1.0,0.0,0.0,0.0,0.0,0.0,0.0,1.0,0.0,1.0,0.0
11657.189453125,40.7,12.2,93.8,88.1,74.4,5.54,0.0,0.0,0.0,0.0,0.0,0.0,0.0,0.0,0.0,0.0,0.0,0.0,1.0,0.0,0.0,1.0
20069.05,44.7,17.4,48.70378112792969,45.2,55.6,8.27,0.0,0.0,0.0,1.0,0.0,0.0,0.0,0.0,0.0,0.0,1.0,0.0,0.0,0.0,0.0,1.0
24162.52,66.9,23.4,66.2,33.9,76.5394515991211,8.54,0.0,0.0,1.0,0.0,0.0,0.0,0.0,0.0,0.0,0.0,0.0,1.0,0.0,0.0,1.0,0.0
24789.13,94.8,17.3,51.4,15.0,99.5,11.68,0.0,1.0,0.0,0.0,0.0,0.0,0.0,0.0,0.0,0.0,1.0,0.0,0.0,1.0,0.0,0.0
10422.95,48.3,16.7,84.1,51.7,94.6,14.34,0.0,0.0,0.0,0.0,0.0,0.0,0.0,1.0,0.0,0.0,1.0,0.0,0.0,0.0,0.0,1.0
21661.84,97.5,17.5,84.5,44.6,93.5,14.82,0.0,0.0,0.0,0.0,0.0,0.0,0.0,0.0,0.0,0.0,0.0,0.0,1.0,0.0,0.0,1.0
22386.16,71.2,19.0,46.3,7.2,87.6,6.46,0.0,0.0,0.0,0.0,0.0,0.0,1.0,0.0,0.0,0.0,0.0,0.0,1.0,0.0,1.0,0.0
6642.31,84.4,20.4,64.8,54.2,91.9,7.56,0.0,0.0,0.0,0.0,0.0,0.0,1.0,0.0,0.0,0.0,0.0,1.0,0.0,0.0,1.0,0.0
12481.232421875,76.36370849609375,21.116254806518555,50.319515228271484,51.734039306640625,73.9,0.74,0.0,0.0,0.0,0.0,0.0,0.0,0.0,0.0,0.0,1.0,0.0,0.0,1.0,0.0,1.0,0.0
10223.65,81.0,14.3,87.2,68.3,54.3,8.19,0.0,0.0,0.0,1.0,0.0,0.0,0.0,0.0,0.0,0.0,0.0,0.0,1.0,0.0,1.0,0.0
12355.11,88.9,23.3,65.1,89.8,54.7,11.93,0.0,0.0,1.0,0.0,0.0,0.0,0.0,0.0,0.0,0.0,1.0,0.0,0.0,0.0,0.0,1.0
7886.68,70.6,22.7,48.1,45.7,91.1,14.61,0.0,0.0,0.0,0.0,1.0,0.0,0.0,0.0,0.0,0.0,1.0,0.0,0.0,0.0,0.0,1.0
15051.48,44.0,16.0,87.5,12.6,73.59485626220703,9.02,0.0,0.0,0.0,0.0,0.0,0.0,0.0,0.0,1.0,0.0,0.0,1.0,0.0,1.0,0.0,0.0
21016.89,41.6,12.0,51.57341384887695,86.7,92.5,12.6,0.0,0.0,0.0,0.0,1.0,0.0,0.0,0.0,0.0,0.0,0.0,1.0,0.0,0.0,1.0,0.0
17817.89,92.5,19.2,53.4,38.0,65.7,14.1,0.0,0.0,0.0,0.0,0.0,1.0,0.0,0.0,0.0,0.0,0.0,0.0,1.0,1.0,0.0,0.0
23305.84,68.2,18.6,60.9,82.7,51.4,10.83,0.0,0.0,0.0,0.0,0.0,1.0,0.0,0.0,0.0,0.0,0.0,1.0,0.0,0.0,1.0,0.0
9551.58,77.1,22.0,46.6,46.7,82.1,1.13,0.0,0.0,0.0,0.0,0.0,0.0,0.0,1.0,0.0,0.0,0.0,0.0,1.0,0.0,1.0,0.0
13691.27,66.0,25.1,51.0,37.8,88.6,11.47,1.0,0.0,0.0,0.0,0.0,0.0,0.0,0.0,0.0,0.0,0.0,1.0,0.0,1.0,0.0,0.0
24406.3,71.7,12.3,27.7,22.7,78.1,5.73,0.0,1.0,0.0,0.0,0.0,0.0,0.0,0.0,0.0,0.0,0.0,0.0,1.0,0.0,0.0,1.0
10250.37,51.3,20.6,24.8,45.1,87.7,3.58,0.0,0.0,0.0,0.0,0.0,0.0,0.0,0.0,1.0,0.0,1.0,0.0,0.0,0.0,0.0,1.0
20918.3,48.3,23.6,68.8,11.8,83.9,13.13,0.0,1.0,0.0,0.0,0.0,0.0,0.0,0.0,0.0,0.0,0.0,1.0,0.0,0.0,0.0,0.0
15841.3,99.6,12.3,87.1,45.6,54.5,3.38,0.0,0.0,0.0,0.0,0.0,1.0,0.0,0.0,0.0,0.0,0.0,0.0,1.0,0.0,1.0,0.0
9510.39,81.9,29.3,59.6,74.9,97.1,7.31,0.0,1.0,0.0,0.0,0.0,0.0,0.0,0.0,0.0,0.0,0.0,0.0,1.0,1.0,0.0,0.0
13560.765625,90.9,25.3,89.1,24.4,56.6,1.18,0.0,0.0,0.0,1.0,0.0,0.0,0.0,0.0,0.0,0.0,0.0,0.0,1.0,0.0,0.0,1.0
19502.61,70.45136260986328,20.3,39.4,35.8,96.4,3.31,0.0,0.0,0.0,0.0,0.0,0.0,0.0,0.0,1.0,0.0,0.0,1.0,0.0,0.0,1.0,0.0
19270.47,79.7,10.5,90.9,50.4,78.7,9.42,0.0,0.0,0.0,0.0,0.0,0.0,0.0,0.0,1.0,0.0,1.0,0.0,0.0,0.0,0.0,1.0
14080.7958984375,46.0,22.1,48.2,87.8,74.9,4.48,1.0,0.0,0.0,0.0,0.0,0.0,0.0,0.0,0.0,0.0,0.0,0.0,1.0,0.0,1.0,0.0
23672.47,97.2,20.7,76.6,59.3,78.52853393554688,11.98,1.0,0.0,0.0,0.0,0.0,0.0,0.0,0.0,0.0,0.0,0.0,0.0,1.0,0.0,0.0,1.0
13650.99,51.7,16.6,36.6,40.5,75.8,12.28,0.0,0.0,1.0,0.0,0.0,0.0,0.0,0.0,0.0,0.0,1.0,0.0,0.0,1.0,0.0,0.0
8926.76,75.6,15.9,35.6,44.1,76.8,6.37,0.0,0.0,0.0,0.0,1.0,0.0,0.0,0.0,0.0,0.0,1.0,0.0,0.0,1.0,0.0,0.0
6706.94,93.9,23.1,54.1,14.5,50.9,11.68,0.0,0.0,0.0,0.0,0.0,0.0,0.0,0.0,1.0,0.0,1.0,0.0,0.0,0.0,1.0,0.0
7230.65,63.3,22.6,13.3,68.8,93.6,7.7,0.0,0.0,0.0,1.0,0.0,0.0,0.0,0.0,0.0,0.0,0.0,1.0,0.0,1.0,0.0,0.0
18101.72,71.8,26.9,57.2,43.4,69.0,5.94,0.0,0.0,0.0,0.0,0.0,1.0,0.0,0.0,0.0,0.0,0.0,1.0,0.0,0.0,0.0,1.0
15863.7,76.5,14.9,50.245811462402344,80.4,58.3,11.9,0.0,0.0,0.0,0.0,0.0,1.0,0.0,0.0,0.0,0.0,1.0,0.0,0.0,0.0,0.0,1.0
16906.03515625,71.38322448730469,23.9,51.5,43.9,98.4,7.23,0.0,0.0,0.0,0.0,0.0,0.0,0.0,0.0,0.0,0.0,0.0,0.0,1.0,0.0,1.0,0.0
11543.91,61.8,27.5,69.1,85.5,53.1,13.2,0.0,1.0,0.0,0.0,0.0,0.0,0.0,0.0,0.0,0.0,0.0,1.0,0.0,1.0,0.0,0.0
18311.57,77.31071472167969,19.9,78.2,40.6,81.0,13.76,0.0,0.0,0.0,0.0,0.0,0.0,0.0,0.0,0.0,1.0,0.0,1.0,0.0,1.0,0.0,0.0
19281.68,74.25289916992188,20.9,76.4,94.6,59.4,7.76,0.0,0.0,0.0,0.0,0.0,0.0,0.0,0.0,0.0,1.0,0.0,1.0,0.0,0.0,0.0,1.0
9575.8,65.9,17.5,30.0,44.0,74.1,3.44,0.0,0.0,0.0,0.0,1.0,0.0,0.0,0.0,0.0,0.0,0.0,1.0,0.0,0.0,1.0,0.0
13924.4,91.3,23.5,26.7,89.2,68.5,14.17,0.0,0.0,0.0,0.0,0.0,1.0,0.0,0.0,0.0,0.0,1.0,0.0,0.0,0.0,1.0,0.0
12807.55,74.6,13.7,10.3,62.0,76.9,11.07,1.0,0.0,0.0,0.0,0.0,0.0,0.0,0.0,0.0,0.0,0.0,1.0,0.0,1.0,0.0,0.0
9772.35,68.9,26.3,26.3,39.1,50.4,13.72,0.0,0.0,0.0,0.0,0.0,0.0,0.0,0.0,0.0,0.0,0.0,0.0,1.0,0.0,0.0,0.0
15261.23,100.0,27.6,81.8,66.5,98.4,11.92,0.0,0.0,0.0,0.0,0.0,0.0,0.0,0.0,1.0,0.0,0.0,1.0,0.0,0.0,0.0,1.0
8881.62,98.2,11.4,86.8,57.7,73.7,6.51,0.0,0.0,0.0,0.0,0.0,0.0,0.0,0.0,0.0,1.0,0.0,1.0,0.0,0.0,0.0,1.0
8649.96,69.32062530517578,19.715167999267578,44.0,51.0,80.6,6.3,0.0,0.0,0.0,0.0,0.0,0.0,0.0,0.0,0.0,1.0,0.0,0.0,1.0,1.0,0.0,0.0
18430.67,75.49300384521484,15.728398323059082,78.3,28.8,78.42137145996094,5.58,0.0,0.0,1.0,0.0,0.0,0.0,0.0,0.0,0.0,0.0,1.0,0.0,0.0,0.0,0.0,1.0
15111.52734375,92.9,23.9,50.0,73.7,74.7,1.12,0.0,0.0,0.0,0.0,0.0,0.0,0.0,0.0,0.0,0.0,0.0,0.0,1.0,0.0,1.0,0.0
23941.09,64.2,28.1,56.5,48.32732009887695,52.8,2.52,0.0,0.0,0.0,0.0,0.0,0.0,0.0,1.0,0.0,0.0,0.0,1.0,0.0,1.0,0.0,0.0
12591.91,91.4,12.8,41.0,73.7,63.8,6.01,0.0,0.0,0.0,0.0,0.0,0.0,0.0,0.0,0.0,0.0,1.0,0.0,0.0,1.0,0.0,0.0
9776.23,62.0,15.2,77.2,51.4,57.7,1.57,0.0,0.0,0.0,0.0,0.0,0.0,0.0,1.0,0.0,0.0,0.0,1.0,0.0,0.0,0.0,1.0
24158.05,62.9,19.8,36.1,33.9,78.8,12.81,0.0,0.0,1.0,0.0,0.0,0.0,0.0,0.0,0.0,0.0,0.0,1.0,0.0,0.0,0.0,1.0
18697.17,66.8,10.5,27.9,91.4,95.5,11.33,0.0,1.0,0.0,0.0,0.0,0.0,0.0,0.0,0.0,0.0,0.0,0.0,1.0,0.0,0.0,1.0
22304.35,84.8,11.8,31.8,9.1,59.9,11.81,0.0,0.0,1.0,0.0,0.0,0.0,0.0,0.0,0.0,0.0,0.0,1.0,0.0,1.0,0.0,0.0
20102.49,99.9,16.1,27.0,37.4,79.2,8.78,0.0,0.0,0.0,0.0,0.0,0.0,0.0,0.0,1.0,0.0,1.0,0.0,0.0,1.0,0.0,0.0
18360.048828125,92.2,18.48337173461914,54.83506774902344,26.7,54.6,13.94,0.0,0.0,0.0,0.0,0.0,1.0,0.0,0.0,0.0,0.0,0.0,0.0,1.0,1.0,0.0,0.0
11520.02,80.8,23.3,18.5,27.8,81.0,9.5,0.0,0.0,0.0,1.0,0.0,0.0,0.0,0.0,0.0,0.0,0.0,0.0,1.0,0.0,1.0,0.0
10424.44,73.6,26.3,43.9,76.0,70.8,8.22,0.0,0.0,0.0,0.0,0.0,0.0,0.0,0.0,0.0,0.0,1.0,0.0,0.0,1.0,0.0,0.0
9927.3,48.4,26.9,12.3,49.9,94.9,4.27,0.0,1.0,0.0,0.0,0.0,0.0,0.0,0.0,0.0,0.0,0.0,0.0,1.0,1.0,0.0,0.0
13127.46,41.4,24.3,44.2,18.1,73.69129943847656,10.19,0.0,0.0,0.0,1.0,0.0,0.0,0.0,0.0,0.0,0.0,0.0,1.0,0.0,1.0,0.0,0.0
8188.12,77.7,29.4,62.2,6.1,84.1,12.73,0.0,0.0,0.0,0.0,0.0,0.0,0.0,1.0,0.0,0.0,1.0,0.0,0.0,0.0,1.0,0.0
12695.31,89.1,10.8,14.1,10.5,67.6,9.51,0.0,0.0,0.0,0.0,1.0,0.0,0.0,0.0,0.0,0.0,0.0,1.0,0.0,0.0,0.0,1.0
8232.3,92.4,23.6,48.41725540161133,86.0,68.6,3.89,0.0,0.0,0.0,1.0,0.0,0.0,0.0,0.0,0.0,0.0,0.0,1.0,0.0,0.0,0.0,1.0
6615.56,91.4,24.0,14.6,77.2,74.1,8.62,0.0,0.0,0.0,1.0,0.0,0.0,0.0,0.0,0.0,0.0,1.0,0.0,0.0,0.0,1.0,0.0
14398.9814453125,86.1,12.4,84.1,47.6,76.5,11.83,0.0,1.0,0.0,0.0,0.0,0.0,0.0,0.0,0.0,0.0,0.0,0.0,1.0,0.0,0.0,0.0
5934.75,56.1,19.4,13.8,91.9,75.3,12.17,0.0,0.0,0.0,0.0,0.0,0.0,0.0,0.0,1.0,0.0,0.0,1.0,0.0,1.0,0.0,0.0
12624.09,42.4,12.3,45.5,16.2,61.3,13.58,0.0,0.0,0.0,0.0,0.0,0.0,0.0,0.0,0.0,0.0,0.0,1.0,0.0,0.0,1.0,0.0
8611.18,43.3,25.8,88.2,75.8,96.2,10.19,0.0,0.0,0.0,0.0,0.0,0.0,0.0,0.0,0.0,1.0,0.0,0.0,1.0,0.0,0.0,1.0
9099.77,86.2,24.5,66.2,63.0,60.5,9.35,0.0,1.0,0.0,0.0,0.0,0.0,0.0,0.0,0.0,0.0,1.0,0.0,0.0,1.0,0.0,0.0
14711.34,83.0,11.4,25.0,71.8,94.2,7.16,0.0,0.0,1.0,0.0,0.0,0.0,0.0,0.0,0.0,0.0,0.0,0.0,1.0,1.0,0.0,0.0
11154.94140625,54.2,24.4,60.9,33.0,61.8,14.92,0.0,0.0,0.0,0.0,0.0,0.0,0.0,0.0,0.0,0.0,0.0,1.0,0.0,0.0,1.0,0.0
24698.58,91.0,29.4,32.8,18.0,59.8,8.17,0.0,0.0,1.0,0.0,0.0,0.0,0.0,0.0,0.0,0.0,1.0,0.0,0.0,0.0,0.0,0.0
17716.1171875,70.20500183105469,13.7,51.247596740722656,39.4,87.1,8.19,0.0,1.0,0.0,0.0,0.0,0.0,0.0,0.0,0.0,0.0,1.0,0.0,0.0,1.0,0.0,0.0
5921.11,82.5,28.1,55.7,91.2,82.0,13.51,0.0,0.0,0.0,0.0,0.0,0.0,0.0,0.0,0.0,1.0,0.0,0.0,1.0,1.0,0.0,0.0
7349.01,56.3,22.0,81.7,17.9,61.5,2.54,0.0,0.0,0.0,0.0,0.0,0.0,0.0,0.0,0.0,0.0,1.0,0.0,0.0,0.0,0.0,1.0
15464.38,89.5,12.2,21.6,51.22361373901367,93.7,1.84,0.0,0.0,0.0,0.0,0.0,0.0,0.0,0.0,0.0,0.0,1.0,0.0,0.0,0.0,1.0,0.0
23861.46,66.291015625,10.4,70.3,53.3,85.6,9.99,1.0,0.0,0.0,0.0,0.0,0.0,0.0,0.0,0.0,0.0,0.0,0.0,1.0,0.0,0.0,1.0
22278.46,81.5,22.2,57.28197479248047,59.0,53.4,1.09,0.0,0.0,0.0,0.0,1.0,0.0,0.0,0.0,0.0,0.0,0.0,0.0,1.0,1.0,0.0,0.0
17027.39,94.2,28.5,32.2,17.9,98.8,4.0,0.0,1.0,0.0,0.0,0.0,0.0,0.0,0.0,0.0,0.0,0.0,1.0,0.0,1.0,0.0,0.0
15914.06,84.8,28.4,30.1,76.8,84.27973175048828,7.0,0.0,0.0,1.0,0.0,0.0,0.0,0.0,0.0,0.0,0.0,0.0,0.0,1.0,0.0,0.0,1.0
12796.86,43.3,10.4,93.0,47.7,52.9,1.82,0.0,0.0,0.0,0.0,0.0,0.0,0.0,1.0,0.0,0.0,1.0,0.0,0.0,0.0,1.0,0.0
23683.21,56.6,11.3,36.6,6.1,81.8,2.71,0.0,0.0,0.0,0.0,0.0,0.0,1.0,0.0,0.0,0.0,0.0,0.0,1.0,0.0,1.0,0.0
15499.02,73.8,12.0,88.6,22.4,73.04051208496094,12.68,0.0,0.0,0.0,1.0,0.0,0.0,0.0,0.0,0.0,0.0,0.0,1.0,0.0,0.0,1.0,0.0
9524.96,75.4,11.0,83.9,94.7,60.8,12.53,0.0,0.0,0.0,1.0,0.0,0.0,0.0,0.0,0.0,0.0,0.0,0.0,1.0,0.0,0.0,1.0
12704.62,42.7,21.0,63.7,32.6,53.2,9.62,0.0,0.0,0.0,1.0,0.0,0.0,0.0,0.0,0.0,0.0,0.0,1.0,0.0,0.0,0.0,0.0
15414.283203125,43.7,20.2,42.3,45.4,97.7,7.79,0.0,0.0,0.0,1.0,0.0,0.0,0.0,0.0,0.0,0.0,0.0,0.0,1.0,0.0,1.0,0.0
13578.8916015625,98.5,15.5,78.9,58.9,56.9,3.88,0.0,1.0,0.0,0.0,0.0,0.0,0.0,0.0,0.0,0.0,1.0,0.0,0.0,0.0,0.0,1.0
10827.48,54.7,10.9,48.39844512939453,70.8,74.58540344238281,8.61,0.0,0.0,0.0,0.0,0.0,0.0,0.0,1.0,0.0,0.0,0.0,0.0,1.0,0.0,1.0,0.0
7547.66,74.2,14.4,45.0,29.1,83.8,5.34,1.0,0.0,0.0,0.0,0.0,0.0,0.0,0.0,0.0,0.0,1.0,0.0,0.0,0.0,0.0,0.0
12860.85,94.2,16.6,70.0,83.3,77.1,11.4,0.0,0.0,0.0,1.0,0.0,0.0,0.0,0.0,0.0,0.0,0.0,0.0,1.0,0.0,0.0,1.0
24366.72,88.7,15.5,23.7,52.6,77.03070068359375,4.27,0.0,0.0,0.0,0.0,0.0,0.0,0.0,1.0,0.0,0.0,0.0,0.0,1.0,0.0,1.0,0.0
13443.6171875,79.8,10.2,54.44654083251953,23.5,86.9,11.65,0.0,0.0,0.0,0.0,0.0,0.0,0.0,0.0,0.0,0.0,0.0,1.0,0.0,0.0,1.0,0.0
17062.45,45.6,23.0,77.9,21.1,74.220458984375,12.71,0.0,0.0,0.0,0.0,0.0,0.0,0.0,0.0,1.0,0.0,0.0,0.0,1.0,0.0,1.0,0.0
10770.1611328125,54.9,22.3,66.7,92.4,76.9,12.13,0.0,0.0,0.0,0.0,1.0,0.0,0.0,0.0,0.0,0.0,1.0,0.0,0.0,0.0,0.0,1.0
18756.66,46.3,18.3,77.2,8.2,73.3,10.54,0.0,0.0,0.0,0.0,0.0,0.0,0.0,0.0,0.0,1.0,1.0,0.0,0.0,0.0,0.0,1.0
9283.35,83.7,28.3,20.1,55.2,79.6,11.51,0.0,0.0,0.0,0.0,0.0,0.0,0.0,0.0,0.0,1.0,0.0,1.0,0.0,0.0,0.0,1.0
8089.92,82.0,27.5,60.7,53.5711555480957,73.01557159423828,4.03,1.0,0.0,0.0,0.0,0.0,0.0,0.0,0.0,0.0,0.0,0.0,0.0,1.0,0.0,0.0,0.0
14645.701171875,99.6,19.3,15.8,81.5,62.4,1.49,1.0,0.0,0.0,0.0,0.0,0.0,0.0,0.0,0.0,0.0,1.0,0.0,0.0,1.0,0.0,0.0
20832.55,80.4,21.1,23.5,64.7,91.8,8.99,0.0,0.0,0.0,0.0,0.0,0.0,1.0,0.0,0.0,0.0,0.0,1.0,0.0,1.0,0.0,0.0
6794.44,49.0,11.3,48.8,71.0,66.0,14.61,0.0,0.0,1.0,0.0,0.0,0.0,0.0,0.0,0.0,0.0,0.0,1.0,0.0,0.0,0.0,0.0
8653.6,48.8,17.2,33.1,69.6,54.9,11.48,0.0,1.0,0.0,0.0,0.0,0.0,0.0,0.0,0.0,0.0,0.0,1.0,0.0,1.0,0.0,0.0
18879.04,77.1,11.9,73.1,25.6,68.7,12.39,0.0,0.0,0.0,0.0,0.0,0.0,1.0,0.0,0.0,0.0,0.0,0.0,1.0,1.0,0.0,0.0
12468.53,71.7,16.5,52.73893356323242,14.0,56.6,9.27,0.0,0.0,0.0,0.0,0.0,0.0,1.0,0.0,0.0,0.0,0.0,0.0,1.0,0.0,1.0,0.0
7551.26,59.14949035644531,12.4,73.1,16.1,59.0,10.38,0.0,0.0,0.0,0.0,1.0,0.0,0.0,0.0,0.0,0.0,0.0,1.0,0.0,1.0,0.0,0.0
23947.18,94.2,25.2,51.04792404174805,51.1,72.13816833496094,7.14,0.0,0.0,0.0,0.0,0.0,1.0,0.0,0.0,0.0,0.0,0.0,1.0,0.0,0.0,0.0,1.0
20187.31,77.5,20.160259246826172,63.8,14.3,57.9,11.36,0.0,0.0,0.0,0.0,0.0,0.0,0.0,0.0,0.0,1.0,0.0,1.0,0.0,0.0,0.0,0.0
7243.24,41.1,13.1,29.5,86.2,88.4,11.96,0.0,0.0,0.0,0.0,0.0,0.0,1.0,0.0,0.0,0.0,0.0,0.0,1.0,1.0,0.0,0.0
18192.962890625,47.1,24.0,38.6,37.9,82.8,13.19,0.0,0.0,0.0,0.0,0.0,0.0,1.0,0.0,0.0,0.0,1.0,0.0,0.0,0.0,1.0,0.0
22658.61,73.8,26.2,44.8,65.1,71.4,9.73,0.0,0.0,0.0,0.0,0.0,0.0,0.0,0.0,1.0,0.0,1.0,0.0,0.0,1.0,0.0,0.0
11060.5,96.7,20.0,62.9,63.2,86.6,7.94,0.0,0.0,0.0,0.0,1.0,0.0,0.0,0.0,0.0,0.0,0.0,1.0,0.0,0.0,0.0,1.0
15462.82,85.2,18.158283233642578,71.9,31.4,96.0,6.73,0.0,0.0,0.0,0.0,0.0,1.0,0.0,0.0,0.0,0.0,1.0,0.0,0.0,0.0,1.0,0.0
16569.84,42.2,11.4,71.9,53.9,50.2,2.45,0.0,0.0,0.0,0.0,0.0,0.0,0.0,0.0,0.0,0.0,0.0,0.0,1.0,0.0,1.0,0.0
7863.12,93.0,22.9,55.59747314453125,93.7,89.2,4.89,0.0,1.0,0.0,0.0,0.0,0.0,0.0,0.0,0.0,0.0,1.0,0.0,0.0,0.0,1.0,0.0
23247.72,59.8,16.2,12.1,64.6,60.8,7.8,0.0,0.0,0.0,0.0,0.0,0.0,0.0,1.0,0.0,0.0,0.0,1.0,0.0,0.0,0.0,1.0
9136.39,42.9,26.0,88.5,12.7,57.8,7.15,0.0,0.0,0.0,0.0,0.0,0.0,0.0,0.0,0.0,1.0,1.0,0.0,0.0,0.0,0.0,1.0
17172.072265625,43.3,23.7,13.0,19.1,71.1,2.92,0.0,1.0,0.0,0.0,0.0,0.0,0.0,0.0,0.0,0.0,0.0,1.0,0.0,1.0,0.0,0.0
11798.04,48.2,17.5,68.64027404785156,38.7,64.5,2.28,0.0,0.0,0.0,0.0,0.0,0.0,0.0,0.0,0.0,0.0,0.0,1.0,0.0,0.0,1.0,0.0
20599.08,84.8,27.1,59.6,28.3,82.3,4.66,0.0,1.0,0.0,0.0,0.0,0.0,0.0,0.0,0.0,0.0,0.0,1.0,0.0,0.0,1.0,0.0
19274.69,64.5,10.2,39.6,27.2,50.5,10.54,0.0,0.0,0.0,0.0,0.0,0.0,0.0,1.0,0.0,0.0,0.0,1.0,0.0,0.0,0.0,1.0
6709.35,61.8,12.5,64.4,69.3,77.9,6.65,0.0,0.0,0.0,0.0,0.0,0.0,1.0,0.0,0.0,0.0,1.0,0.0,0.0,1.0,0.0,0.0
10819.98,80.1,29.3,90.4,26.9,71.9,1.11,0.0,0.0,1.0,0.0,0.0,0.0,0.0,0.0,0.0,0.0,0.0,0.0,1.0,0.0,1.0,0.0
17487.74,73.7,24.5,27.2,35.6,77.3,9.91,0.0,0.0,0.0,0.0,0.0,0.0,0.0,0.0,0.0,1.0,0.0,0.0,1.0,0.0,1.0,0.0
18410.36,52.2,25.6,63.4,51.27325439453125,76.5,12.78,0.0,0.0,0.0,0.0,0.0,0.0,0.0,1.0,0.0,0.0,1.0,0.0,0.0,0.0,1.0,0.0
22177.28,54.5,13.0,54.4788703918457,48.57944107055664,79.1,3.53,0.0,1.0,0.0,0.0,0.0,0.0,0.0,0.0,0.0,0.0,1.0,0.0,0.0,0.0,1.0,0.0
6020.51,88.2,26.6,34.2,90.2,76.5,6.6,0.0,0.0,0.0,0.0,0.0,0.0,0.0,0.0,0.0,1.0,0.0,0.0,1.0,0.0,0.0,0.0
7851.38,97.9,21.9,82.1,53.5,63.5,1.11,0.0,0.0,0.0,0.0,0.0,0.0,0.0,0.0,0.0,0.0,0.0,1.0,0.0,1.0,0.0,0.0
15696.28,49.7,21.6,60.8,59.8,87.4,3.71,0.0,0.0,0.0,0.0,1.0,0.0,0.0,0.0,0.0,0.0,1.0,0.0,0.0,1.0,0.0,0.0
14769.8310546875,59.1,11.1,25.4,86.2,72.3,7.54,0.0,0.0,0.0,0.0,0.0,0.0,1.0,0.0,0.0,0.0,0.0,1.0,0.0,0.0,0.0,1.0
10167.94,84.5,11.4,54.9,11.8,71.5,0.87,0.0,0.0,1.0,0.0,0.0,0.0,0.0,0.0,0.0,0.0,0.0,1.0,0.0,0.0,1.0,0.0
14062.74,73.6,23.1,81.2,66.3,79.7,7.6,0.0,0.0,1.0,0.0,0.0,0.0,0.0,0.0,0.0,0.0,1.0,0.0,0.0,0.0,1.0,0.0
22238.67,97.6,19.3,22.9,20.0,59.9,12.4,1.0,0.0,0.0,0.0,0.0,0.0,0.0,0.0,0.0,0.0,0.0,0.0,1.0,0.0,0.0,1.0
22787.89,57.6,10.2,80.6,47.430809020996094,82.8,9.24,0.0,0.0,0.0,0.0,0.0,0.0,1.0,0.0,0.0,0.0,0.0,1.0,0.0,0.0,0.0,1.0
15336.22,80.0,12.6,69.2,35.4,72.5,4.32,0.0,0.0,0.0,0.0,0.0,0.0,0.0,0.0,1.0,0.0,0.0,1.0,0.0,0.0,0.0,1.0
21824.91,68.0,12.8,15.7,47.7,77.99183654785156,12.6,0.0,0.0,0.0,0.0,0.0,1.0,0.0,0.0,0.0,0.0,0.0,1.0,0.0,0.0,1.0,0.0
24425.17,65.3,20.006925582885742,35.7,38.8,57.8,10.24,0.0,0.0,0.0,0.0,0.0,0.0,0.0,0.0,0.0,1.0,0.0,0.0,1.0,0.0,0.0,0.0
20512.41,44.8,20.1,59.6,9.1,81.5,11.41,0.0,0.0,0.0,0.0,1.0,0.0,0.0,0.0,0.0,0.0,1.0,0.0,0.0,1.0,0.0,0.0
19989.33,90.1,22.8,64.6,55.0,97.8,5.91,0.0,0.0,0.0,0.0,0.0,0.0,0.0,0.0,1.0,0.0,1.0,0.0,0.0,1.0,0.0,0.0
8681.92,75.1,12.5,75.7,82.0,61.4,0.61,0.0,0.0,0.0,0.0,0.0,0.0,0.0,0.0,0.0,1.0,1.0,0.0,0.0,1.0,0.0,0.0
15418.75,84.0,26.4,48.4,53.7,67.6,11.59,0.0,0.0,0.0,0.0,0.0,0.0,0.0,1.0,0.0,0.0,0.0,1.0,0.0,1.0,0.0,0.0
24562.36,88.2,22.2,43.0,80.3,97.0,12.83,0.0,0.0,0.0,1.0,0.0,0.0,0.0,0.0,0.0,0.0,0.0,0.0,1.0,1.0,0.0,0.0
22343.11,59.4,13.9,47.455223083496094,13.7,88.3,8.66,1.0,0.0,0.0,0.0,0.0,0.0,0.0,0.0,0.0,0.0,0.0,0.0,1.0,0.0,1.0,0.0
19037.35,86.4,22.4,74.0,46.1,77.7,4.32,0.0,0.0,0.0,0.0,0.0,0.0,1.0,0.0,0.0,0.0,1.0,0.0,0.0,1.0,0.0,0.0
19546.93,68.4,19.6,48.4,5.1,52.7,5.42,1.0,0.0,0.0,0.0,0.0,0.0,0.0,0.0,0.0,0.0,0.0,1.0,0.0,0.0,1.0,0.0
20275.54,45.4,15.0,40.4,30.0,61.3,9.76,0.0,0.0,0.0,0.0,0.0,0.0,0.0,0.0,1.0,0.0,0.0,0.0,1.0,1.0,0.0,0.0
22025.13,75.3,12.8,58.677757263183594,61.1,94.0,13.52,1.0,0.0,0.0,0.0,0.0,0.0,0.0,0.0,0.0,0.0,1.0,0.0,0.0,1.0,0.0,0.0
9293.73,83.1,10.5,94.9,22.7,81.1,5.94,0.0,0.0,0.0,0.0,0.0,0.0,0.0,0.0,0.0,0.0,1.0,0.0,0.0,0.0,1.0,0.0
7496.69,66.2,13.7,87.5,92.9,70.17182159423828,11.13,0.0,0.0,0.0,0.0,1.0,0.0,0.0,0.0,0.0,0.0,0.0,1.0,0.0,0.0,0.0,1.0
5473.56,93.7,12.2,92.8,81.9,88.0,11.82,0.0,0.0,0.0,0.0,0.0,0.0,0.0,0.0,0.0,1.0,0.0,1.0,0.0,1.0,0.0,0.0
23706.02,77.6,19.1,48.0,31.3,81.4,3.6,0.0,0.0,0.0,0.0,0.0,0.0,0.0,1.0,0.0,0.0,1.0,0.0,0.0,1.0,0.0,0.0
23198.11,76.22322845458984,29.2,35.4,38.7,82.5,6.27,1.0,0.0,0.0,0.0,0.0,0.0,0.0,0.0,0.0,0.0,1.0,0.0,0.0,0.0,0.0,1.0
5557.04,84.7,26.8,60.8,87.0,66.5,0.71,0.0,0.0,0.0,0.0,0.0,0.0,0.0,0.0,0.0,1.0,0.0,0.0,1.0,0.0,1.0,0.0
19890.29,44.1,21.2,71.0,31.8,50.4,10.4,0.0,0.0,0.0,0.0,0.0,0.0,1.0,0.0,0.0,0.0,0.0,1.0,0.0,0.0,1.0,0.0
21233.23,68.6,16.6,22.0,69.9,73.1,12.77,0.0,0.0,1.0,0.0,0.0,0.0,0.0,0.0,0.0,0.0,0.0,0.0,1.0,0.0,0.0,0.0
13137.96,70.68145751953125,22.1,82.4,45.056575775146484,76.98831176757812,9.16,0.0,0.0,0.0,0.0,0.0,0.0,0.0,0.0,0.0,0.0,0.0,1.0,0.0,1.0,0.0,0.0
6721.91,99.8,10.1,43.4,48.3,69.4,3.41,1.0,0.0,0.0,0.0,0.0,0.0,0.0,0.0,0.0,0.0,0.0,0.0,1.0,1.0,0.0,0.0
24643.68,45.9,29.2,49.6,51.44071960449219,82.5,12.9,0.0,0.0,0.0,0.0,1.0,0.0,0.0,0.0,0.0,0.0,0.0,0.0,1.0,1.0,0.0,0.0
21126.13,53.2,10.5,45.9,85.7,91.3,5.39,0.0,0.0,0.0,1.0,0.0,0.0,0.0,0.0,0.0,0.0,0.0,1.0,0.0,1.0,0.0,0.0
22357.18,57.0,23.4,45.5,36.6,93.8,2.97,0.0,0.0,0.0,0.0,0.0,0.0,0.0,0.0,0.0,1.0,0.0,0.0,1.0,0.0,0.0,1.0
9819.27,95.7,23.2,16.4,92.9,99.8,9.48,0.0,1.0,0.0,0.0,0.0,0.0,0.0,0.0,0.0,0.0,1.0,0.0,0.0,1.0,0.0,0.0
6314.74,50.8,29.9,59.2,65.5,62.3,14.99,0.0,0.0,0.0,0.0,0.0,0.0,0.0,0.0,0.0,1.0,0.0,0.0,1.0,1.0,0.0,0.0
22400.32,65.49665832519531,10.4,91.6,46.22835922241211,78.97370147705078,4.87,0.0,0.0,0.0,0.0,1.0,0.0,0.0,0.0,0.0,0.0,1.0,0.0,0.0,0.0,1.0,0.0
10307.57,85.0,21.5,49.8,82.8,65.2,6.62,0.0,0.0,0.0,0.0,0.0,0.0,1.0,0.0,0.0,0.0,0.0,0.0,1.0,1.0,0.0,0.0
7292.48,96.7,20.474000930786133,49.5,57.6,80.5,5.17,0.0,0.0,0.0,0.0,0.0,0.0,0.0,0.0,0.0,0.0,0.0,1.0,0.0,0.0,1.0,0.0
5780.51,66.1,19.5,23.5,48.94182586669922,54.4,10.41,0.0,0.0,0.0,0.0,0.0,1.0,0.0,0.0,0.0,0.0,1.0,0.0,0.0,0.0,0.0,1.0
9735.4,72.4,28.7,31.1,39.4,71.6,7.57,0.0,0.0,0.0,0.0,1.0,0.0,0.0,0.0,0.0,0.0,1.0,0.0,0.0,1.0,0.0,0.0
8211.36,70.40107727050781,20.6,34.9,41.9,72.5,6.85,0.0,0.0,0.0,1.0,0.0,0.0,0.0,0.0,0.0,0.0,0.0,1.0,0.0,1.0,0.0,0.0
23726.88,64.75122833251953,14.1,52.56004333496094,35.0,79.2,4.69,0.0,0.0,0.0,0.0,0.0,0.0,1.0,0.0,0.0,0.0,1.0,0.0,0.0,0.0,0.0,1.0
11880.67,74.8,11.4,52.8,6.3,99.6,14.67,0.0,0.0,0.0,1.0,0.0,0.0,0.0,0.0,0.0,0.0,0.0,1.0,0.0,0.0,0.0,1.0
15446.205078125,50.0,11.7,80.1,13.3,74.4,7.03,0.0,0.0,1.0,0.0,0.0,0.0,0.0,0.0,0.0,0.0,1.0,0.0,0.0,0.0,1.0,0.0
14465.689453125,98.2,17.9,70.74053955078125,48.0,86.2,11.34,0.0,0.0,0.0,0.0,0.0,0.0,0.0,0.0,0.0,1.0,0.0,0.0,1.0,1.0,0.0,0.0
8959.61,80.5,27.4,47.1,14.5,74.5,10.59,0.0,1.0,0.0,0.0,0.0,0.0,0.0,0.0,0.0,0.0,0.0,0.0,1.0,0.0,1.0,0.0
20476.62,91.7,14.3,70.9,52.8,92.3,5.09,0.0,0.0,0.0,0.0,1.0,0.0,0.0,0.0,0.0,0.0,1.0,0.0,0.0,0.0,1.0,0.0
19745.31,85.4,17.8,39.1,10.3,86.3,0.78,0.0,1.0,0.0,0.0,0.0,0.0,0.0,0.0,0.0,0.0,0.0,0.0,1.0,0.0,1.0,0.0
7964.41,94.5,26.5,49.385986328125,88.1,53.4,1.81,0.0,0.0,0.0,0.0,0.0,1.0,0.0,0.0,0.0,0.0,0.0,0.0,1.0,0.0,1.0,0.0
7251.77,94.9,10.8,20.0,59.8,69.4,12.78,0.0,0.0,1.0,0.0,0.0,0.0,0.0,0.0,0.0,0.0,0.0,0.0,1.0,1.0,0.0,0.0
16080.11,43.5,28.5,39.1,74.7,91.0,12.74,0.0,0.0,0.0,0.0,0.0,0.0,0.0,1.0,0.0,0.0,0.0,0.0,1.0,0.0,1.0,0.0
9254.95,41.6,16.0,19.9,9.8,90.4,9.34,0.0,0.0,0.0,0.0,1.0,0.0,0.0,0.0,0.0,0.0,1.0,0.0,0.0,0.0,1.0,0.0
5964.16,79.4,26.5,28.3,11.5,69.5,9.04,0.0,0.0,0.0,1.0,0.0,0.0,0.0,0.0,0.0,0.0,1.0,0.0,0.0,0.0,1.0,0.0
12828.81,72.02362823486328,27.2,49.08042907714844,82.2,71.86563110351562,2.7,0.0,0.0,0.0,1.0,0.0,0.0,0.0,0.0,0.0,0.0,1.0,0.0,0.0,0.0,1.0,0.0
21513.68,91.2,19.4,80.1,58.1,68.3,4.76,0.0,0.0,0.0,0.0,0.0,1.0,0.0,0.0,0.0,0.0,0.0,1.0,0.0,1.0,0.0,0.0
11249.38,66.65694427490234,28.1,60.8,47.5,60.5,5.7,1.0,0.0,0.0,0.0,0.0,0.0,0.0,0.0,0.0,0.0,0.0,0.0,1.0,0.0,1.0,0.0
15695.662109375,43.8,29.7,48.3,17.7,82.7,5.84,1.0,0.0,0.0,0.0,0.0,0.0,0.0,0.0,0.0,0.0,0.0,1.0,0.0,0.0,1.0,0.0
19537.49,84.9,11.8,51.2,35.37971496582031,90.0,12.31,1.0,0.0,0.0,0.0,0.0,0.0,0.0,0.0,0.0,0.0,0.0,0.0,1.0,0.0,1.0,0.0
23848.15,84.6,10.6,52.748512268066406,24.4,65.9,11.23,0.0,0.0,0.0,0.0,0.0,0.0,0.0,0.0,0.0,1.0,0.0,0.0,1.0,0.0,0.0,1.0
5934.15,60.3,26.2,48.5,55.5,81.3,8.18,0.0,0.0,0.0,0.0,0.0,0.0,0.0,0.0,0.0,1.0,1.0,0.0,0.0,0.0,1.0,0.0
19867.04,51.0,18.4,33.1,43.9,51.4,3.84,0.0,0.0,0.0,1.0,0.0,0.0,0.0,0.0,0.0,0.0,1.0,0.0,0.0,0.0,0.0,1.0
22655.31,43.5,26.4,11.1,82.8,75.4,13.59,0.0,0.0,0.0,1.0,0.0,0.0,0.0,0.0,0.0,0.0,1.0,0.0,0.0,0.0,1.0,0.0
14346.55,74.6,19.78777503967285,26.2,25.4,97.5,7.14,0.0,0.0,0.0,1.0,0.0,0.0,0.0,0.0,0.0,0.0,1.0,0.0,0.0,0.0,0.0,1.0
18376.59,48.1,10.7,39.2,50.640811920166016,70.6,4.38,0.0,0.0,0.0,0.0,0.0,0.0,0.0,0.0,0.0,1.0,0.0,0.0,1.0,0.0,1.0,0.0
7961.54,80.9,18.6,48.1,71.2,62.4,1.21,0.0,0.0,0.0,1.0,0.0,0.0,0.0,0.0,0.0,0.0,0.0,0.0,1.0,0.0,1.0,0.0
9240.59,52.7,14.7,34.6,84.0,97.0,6.45,1.0,0.0,0.0,0.0,0.0,0.0,0.0,0.0,0.0,0.0,1.0,0.0,0.0,0.0,1.0,0.0
8623.83,96.1,13.1,93.6,19.8,67.6,12.21,0.0,0.0,0.0,0.0,0.0,0.0,0.0,0.0,0.0,0.0,1.0,0.0,0.0,0.0,0.0,1.0
7337.24,65.2,10.7,52.0,58.613582611083984,74.4,1.96,1.0,0.0,0.0,0.0,0.0,0.0,0.0,0.0,0.0,0.0,1.0,0.0,0.0,1.0,0.0,0.0
22878.6,45.7,14.5,48.8,29.5,73.26605224609375,12.84,0.0,0.0,1.0,0.0,0.0,0.0,0.0,0.0,0.0,0.0,0.0,0.0,1.0,1.0,0.0,0.0
7215.76,77.2,20.499553680419922,48.7,48.4,86.4,4.23,0.0,0.0,0.0,0.0,0.0,1.0,0.0,0.0,0.0,0.0,0.0,0.0,1.0,0.0,1.0,0.0
9293.89,47.7,17.5,34.150691986083984,84.1,50.6,5.3,0.0,0.0,0.0,0.0,0.0,0.0,0.0,1.0,0.0,0.0,1.0,0.0,0.0,0.0,0.0,1.0
15878.01,44.3,28.6,83.6,55.0,90.2,1.25,0.0,0.0,0.0,0.0,0.0,0.0,0.0,0.0,0.0,0.0,0.0,0.0,1.0,0.0,0.0,1.0
16615.54,43.2,24.7,59.1,84.3,68.1,4.68,0.0,1.0,0.0,0.0,0.0,0.0,0.0,0.0,0.0,0.0,0.0,0.0,1.0,0.0,1.0,0.0
21416.89,52.7,18.9,54.6,63.4,77.0,8.12,1.0,0.0,0.0,0.0,0.0,0.0,0.0,0.0,0.0,0.0,0.0,0.0,1.0,0.0,0.0,1.0
13786.654296875,60.8,23.0,41.6,55.2,92.0,8.51,1.0,0.0,0.0,0.0,0.0,0.0,0.0,0.0,0.0,0.0,0.0,1.0,0.0,0.0,1.0,0.0
11432.46,50.8,18.4,78.0,65.2,66.1,2.01,0.0,0.0,0.0,0.0,1.0,0.0,0.0,0.0,0.0,0.0,0.0,0.0,1.0,1.0,0.0,0.0
17924.69,70.43601989746094,22.8,10.3,42.8,50.4,7.36,0.0,0.0,0.0,0.0,0.0,0.0,0.0,0.0,0.0,1.0,0.0,1.0,0.0,0.0,1.0,0.0
9063.65,49.1,21.8,20.7,22.2,53.8,3.7,0.0,0.0,0.0,1.0,0.0,0.0,0.0,0.0,0.0,0.0,1.0,0.0,0.0,1.0,0.0,0.0
6262.58,47.4,13.4,56.3,66.9,81.2,5.99,0.0,0.0,0.0,0.0,0.0,0.0,0.0,0.0,0.0,1.0,0.0,1.0,0.0,0.0,0.0,1.0
18930.9,61.1,21.910444259643555,44.7680778503418,69.1,96.6,10.95,0.0,0.0,0.0,1.0,0.0,0.0,0.0,0.0,0.0,0.0,1.0,0.0,0.0,0.0,0.0,1.0
22010.51,63.5,27.4,59.9,13.9,96.5,10.11,0.0,0.0,0.0,0.0,0.0,1.0,0.0,0.0,0.0,0.0,0.0,1.0,0.0,1.0,0.0,0.0
22529.03,97.6,25.6,36.7,65.4,57.9,9.32,0.0,0.0,1.0,0.0,0.0,0.0,0.0,0.0,0.0,0.0,0.0,1.0,0.0,1.0,0.0,0.0
24239.13,72.2,14.1,39.6,46.09824752807617,71.3,3.18,0.0,0.0,0.0,0.0,0.0,0.0,0.0,0.0,1.0,0.0,1.0,0.0,0.0,0.0,0.0,0.0
15227.4,89.8,14.5,56.59880065917969,32.7,51.3,2.97,0.0,0.0,0.0,0.0,0.0,0.0,0.0,0.0,0.0,1.0,1.0,0.0,0.0,0.0,1.0,0.0
16556.982421875,42.0,19.6,62.3,46.69411087036133,97.5,7.51,0.0,0.0,0.0,0.0,0.0,0.0,1.0,0.0,0.0,0.0,0.0,0.0,1.0,1.0,0.0,0.0
23162.29,95.2,22.6,80.6,36.5,88.5,1.64,0.0,0.0,0.0,0.0,1.0,0.0,0.0,0.0,0.0,0.0,0.0,0.0,1.0,1.0,0.0,0.0
19064.09,78.3,11.6,46.18482971191406,11.0,82.4,7.31,0.0,1.0,0.0,0.0,0.0,0.0,0.0,0.0,0.0,0.0,0.0,1.0,0.0,0.0,1.0,0.0
17394.22,80.7,19.8,42.6,67.2,96.6,14.08,0.0,0.0,0.0,0.0,0.0,1.0,0.0,0.0,0.0,0.0,0.0,0.0,1.0,0.0,0.0,1.0
24905.29,47.5,29.0,44.50800704956055,34.3,96.3,5.58,0.0,0.0,0.0,0.0,0.0,0.0,0.0,0.0,0.0,1.0,0.0,0.0,1.0,1.0,0.0,0.0
6293.02,43.7,29.2,53.7,23.1,95.1,3.26,0.0,0.0,0.0,0.0,0.0,0.0,1.0,0.0,0.0,0.0,0.0,1.0,0.0,0.0,1.0,0.0
24465.35,51.2,20.1,49.8,89.1,67.4,8.94,0.0,0.0,0.0,0.0,0.0,1.0,0.0,0.0,0.0,0.0,0.0,0.0,1.0,1.0,0.0,0.0
10273.32,57.7,18.8,54.1,80.6,58.2,4.15,0.0,0.0,0.0,0.0,0.0,1.0,0.0,0.0,0.0,0.0,0.0,0.0,1.0,0.0,0.0,1.0
10735.8,55.2,20.059547424316406,25.5,45.2,69.5,3.76,0.0,0.0,0.0,0.0,0.0,0.0,0.0,0.0,0.0,1.0,0.0,0.0,1.0,0.0,1.0,0.0
13292.01,47.4,19.812137603759766,52.54209899902344,20.0,66.6,9.44,0.0,0.0,0.0,1.0,0.0,0.0,0.0,0.0,0.0,0.0,0.0,1.0,0.0,0.0,1.0,0.0
17606.55,89.9,22.5,63.3,54.7,66.7,14.54,0.0,1.0,0.0,0.0,0.0,0.0,0.0,0.0,0.0,0.0,0.0,1.0,0.0,0.0,0.0,0.0
5012.97,48.5,12.2,70.1,19.5,68.35110473632812,2.72,0.0,0.0,0.0,0.0,0.0,0.0,0.0,0.0,0.0,1.0,0.0,1.0,0.0,0.0,1.0,0.0
22953.03,83.1,25.4,57.6,57.47072219848633,72.03827667236328,4.96,0.0,0.0,0.0,0.0,1.0,0.0,0.0,0.0,0.0,0.0,0.0,1.0,0.0,0.0,0.0,0.0
20022.97,69.6196060180664,20.0,41.0,67.3,78.3,14.49,0.0,0.0,0.0,0.0,0.0,0.0,1.0,0.0,0.0,0.0,0.0,1.0,0.0,1.0,0.0,0.0
15383.2294921875,77.59503936767578,18.863636016845703,83.9,88.2,99.8,10.71,0.0,0.0,0.0,0.0,0.0,1.0,0.0,0.0,0.0,0.0,1.0,0.0,0.0,0.0,1.0,0.0
7094.65,57.2,25.4,53.6,42.5,75.96084594726562,5.51,0.0,0.0,1.0,0.0,0.0,0.0,0.0,0.0,0.0,0.0,0.0,1.0,0.0,1.0,0.0,0.0
15299.17,76.2,28.5,45.7,40.6,77.1,1.01,0.0,1.0,0.0,0.0,0.0,0.0,0.0,0.0,0.0,0.0,1.0,0.0,0.0,0.0,1.0,0.0
18129.79,92.3,14.9,59.2,94.7,57.4,1.13,0.0,0.0,0.0,0.0,0.0,0.0,0.0,0.0,0.0,0.0,0.0,0.0,1.0,0.0,1.0,0.0
16959.41796875,76.3,22.6,41.0,41.5,91.9,10.31,0.0,0.0,0.0,0.0,0.0,0.0,1.0,0.0,0.0,0.0,0.0,1.0,0.0,0.0,1.0,0.0
21677.02,43.9,21.8,49.4,43.2,53.2,12.74,0.0,0.0,0.0,0.0,0.0,1.0,0.0,0.0,0.0,0.0,1.0,0.0,0.0,0.0,0.0,1.0
6600.83,81.2,14.8,90.4,61.3,96.7,3.76,0.0,0.0,1.0,0.0,0.0,0.0,0.0,0.0,0.0,0.0,0.0,0.0,1.0,0.0,0.0,1.0
15562.27,40.5,10.5,84.2,59.1,67.1,11.05,0.0,0.0,0.0,0.0,0.0,0.0,0.0,0.0,0.0,0.0,0.0,0.0,1.0,0.0,1.0,0.0
20255.19,47.2,18.46233367919922,41.0,43.1,75.9,7.94,1.0,0.0,0.0,0.0,0.0,0.0,0.0,0.0,0.0,0.0,0.0,0.0,1.0,0.0,0.0,1.0
18992.39,42.9,28.3,22.0,8.6,90.1,8.02,0.0,0.0,1.0,0.0,0.0,0.0,0.0,0.0,0.0,0.0,1.0,0.0,0.0,0.0,1.0,0.0
12252.26171875,42.2,17.3,80.4,53.7,65.3,6.05,0.0,0.0,0.0,0.0,0.0,0.0,0.0,0.0,0.0,1.0,0.0,0.0,1.0,1.0,0.0,0.0
13014.56,79.7,16.2,82.8,60.7,97.5,9.93,0.0,0.0,0.0,1.0,0.0,0.0,0.0,0.0,0.0,0.0,0.0,1.0,0.0,0.0,0.0,0.0
15765.31,40.9,23.5,37.7,75.4,69.3,12.93,0.0,1.0,0.0,0.0,0.0,0.0,0.0,0.0,0.0,0.0,1.0,0.0,0.0,1.0,0.0,0.0
6940.05,55.4,23.3,54.462623596191406,29.6,67.2,5.56,0.0,0.0,0.0,0.0,0.0,0.0,0.0,0.0,0.0,1.0,0.0,1.0,0.0,0.0,0.0,1.0
12661.46,90.4,25.7,40.019107818603516,48.4,94.3,2.07,0.0,0.0,0.0,0.0,1.0,0.0,0.0,0.0,0.0,0.0,0.0,0.0,1.0,1.0,0.0,0.0
7969.77,69.60005950927734,17.8,31.7,50.8,87.8,12.29,0.0,0.0,0.0,0.0,0.0,0.0,1.0,0.0,0.0,0.0,0.0,1.0,0.0,0.0,0.0,0.0
12502.42,80.4,27.9,64.6,71.3,67.7,2.53,0.0,0.0,0.0,0.0,0.0,0.0,0.0,0.0,0.0,1.0,0.0,0.0,1.0,1.0,0.0,0.0
8197.86,58.1,21.3,54.24168395996094,32.1,98.1,12.22,0.0,0.0,0.0,0.0,0.0,0.0,0.0,0.0,0.0,1.0,0.0,1.0,0.0,1.0,0.0,0.0
5445.04,70.0,18.4,58.1,41.4,65.1,6.09,0.0,1.0,0.0,0.0,0.0,0.0,0.0,0.0,0.0,0.0,0.0,1.0,0.0,0.0,1.0,0.0
12311.0,78.5,20.7,27.6,81.7,57.0,1.71,0.0,0.0,0.0,0.0,1.0,0.0,0.0,0.0,0.0,0.0,0.0,0.0,1.0,0.0,1.0,0.0
7800.82,40.5,22.3,68.4251708984375,17.9,64.9,3.78,0.0,0.0,1.0,0.0,0.0,0.0,0.0,0.0,0.0,0.0,0.0,1.0,0.0,0.0,0.0,1.0
16813.75,68.9,26.5,59.9,18.7,93.1,13.45,0.0,0.0,0.0,0.0,0.0,0.0,0.0,0.0,0.0,0.0,1.0,0.0,0.0,1.0,0.0,0.0
19936.86,71.3,29.7,90.7,38.3,82.7,7.86,0.0,0.0,1.0,0.0,0.0,0.0,0.0,0.0,0.0,0.0,0.0,0.0,1.0,1.0,0.0,0.0
15282.69,79.5,21.5,66.9925765991211,11.3,68.3,10.87,0.0,0.0,0.0,0.0,0.0,0.0,0.0,0.0,0.0,1.0,0.0,1.0,0.0,1.0,0.0,0.0
22237.67,80.2,11.0,45.8,40.00556945800781,76.0,9.76,0.0,0.0,0.0,0.0,0.0,0.0,0.0,0.0,1.0,0.0,0.0,0.0,1.0,0.0,1.0,0.0
14807.7705078125,77.9,21.1,88.2,64.8,93.2,10.18,0.0,0.0,0.0,1.0,0.0,0.0,0.0,0.0,0.0,0.0,0.0,1.0,0.0,0.0,1.0,0.0
8966.89,66.3,13.7,40.8,92.6,87.4,2.32,1.0,0.0,0.0,0.0,0.0,0.0,0.0,0.0,0.0,0.0,0.0,0.0,1.0,0.0,0.0,0.0
11292.73,46.6,20.0,49.5,31.5,63.3,2.37,0.0,0.0,0.0,0.0,0.0,0.0,0.0,0.0,0.0,0.0,0.0,1.0,0.0,0.0,1.0,0.0
15966.9326171875,63.4,15.2,16.7,18.4,71.7,13.16,0.0,0.0,1.0,0.0,0.0,0.0,0.0,0.0,0.0,0.0,0.0,0.0,1.0,0.0,1.0,0.0
15399.8,66.0,18.0,11.7,85.3,55.8,11.24,0.0,0.0,1.0,0.0,0.0,0.0,0.0,0.0,0.0,0.0,0.0,0.0,1.0,0.0,1.0,0.0
17125.75,71.9,23.3,48.1,73.4,82.7,13.16,0.0,1.0,0.0,0.0,0.0,0.0,0.0,0.0,0.0,0.0,0.0,0.0,1.0,1.0,0.0,0.0
8738.09,63.4,24.9,93.7,35.504425048828125,69.5,13.04,0.0,0.0,0.0,0.0,0.0,0.0,0.0,0.0,1.0,0.0,0.0,1.0,0.0,0.0,0.0,1.0
17265.5,75.75955963134766,21.71028709411621,25.2,83.8,99.9,6.35,0.0,0.0,0.0,0.0,0.0,0.0,0.0,0.0,1.0,0.0,0.0,1.0,0.0,1.0,0.0,0.0
15317.056640625,83.1,27.2,46.8,41.4,58.0,7.91,0.0,1.0,0.0,0.0,0.0,0.0,0.0,0.0,0.0,0.0,0.0,0.0,1.0,0.0,1.0,0.0
9036.67,89.9,13.3,79.3,56.9,85.5,12.35,0.0,0.0,0.0,0.0,0.0,0.0,0.0,0.0,0.0,1.0,1.0,0.0,0.0,0.0,1.0,0.0
12910.9189453125,41.7,13.8,43.5,93.5,88.6,12.51,0.0,0.0,0.0,0.0,0.0,0.0,0.0,0.0,1.0,0.0,1.0,0.0,0.0,0.0,0.0,1.0
7493.49,81.1,21.2,62.7,17.8,76.2,4.04,0.0,0.0,0.0,0.0,1.0,0.0,0.0,0.0,0.0,0.0,0.0,1.0,0.0,0.0,0.0,0.0
24487.67,56.9,11.5,40.2,26.7,97.5,8.73,0.0,0.0,0.0,0.0,0.0,0.0,0.0,1.0,0.0,0.0,0.0,0.0,1.0,1.0,0.0,0.0
24695.63,44.2,25.0,49.167232513427734,64.6,83.9,4.26,0.0,0.0,0.0,0.0,0.0,0.0,1.0,0.0,0.0,0.0,0.0,1.0,0.0,1.0,0.0,0.0
15829.16,96.0,28.3,59.4,69.3,97.5,11.9,0.0,0.0,0.0,1.0,0.0,0.0,0.0,0.0,0.0,0.0,1.0,0.0,0.0,0.0,0.0,1.0
7032.22,61.6,22.0,87.8,47.36067199707031,81.7962646484375,6.16,0.0,0.0,1.0,0.0,0.0,0.0,0.0,0.0,0.0,0.0,1.0,0.0,0.0,1.0,0.0,0.0
21119.96,52.4,20.6,48.71867370605469,9.5,82.6,8.85,0.0,0.0,0.0,0.0,0.0,0.0,0.0,1.0,0.0,0.0,0.0,1.0,0.0,0.0,1.0,0.0
11915.53,89.8,29.9,55.9,60.4,80.49803924560547,3.21,0.0,0.0,1.0,0.0,0.0,0.0,0.0,0.0,0.0,0.0,0.0,0.0,1.0,0.0,0.0,0.0
15471.48,51.6,10.9,31.1,83.9,94.2,1.53,0.0,0.0,0.0,1.0,0.0,0.0,0.0,0.0,0.0,0.0,0.0,1.0,0.0,1.0,0.0,0.0
6038.48,47.4,17.1,77.8,64.7,75.1,9.29,0.0,0.0,0.0,0.0,0.0,0.0,0.0,0.0,1.0,0.0,0.0,0.0,1.0,1.0,0.0,0.0
22776.05,41.5,17.8,77.6,64.3,79.4,4.56,0.0,1.0,0.0,0.0,0.0,0.0,0.0,0.0,0.0,0.0,1.0,0.0,0.0,1.0,0.0,0.0
11222.47,58.2,26.2,88.3,5.0,63.9,6.19,0.0,0.0,0.0,0.0,0.0,1.0,0.0,0.0,0.0,0.0,0.0,1.0,0.0,0.0,0.0,1.0
16627.90234375,45.7,21.1,86.8,38.7,88.2,12.39,0.0,0.0,0.0,0.0,0.0,0.0,1.0,0.0,0.0,0.0,0.0,0.0,1.0,0.0,0.0,1.0
22534.13,77.0,22.0,53.4,20.8,72.97599792480469,1.73,0.0,0.0,1.0,0.0,0.0,0.0,0.0,0.0,0.0,0.0,0.0,1.0,0.0,0.0,1.0,0.0
24536.61,50.6,10.8,82.7,29.4,66.4,2.99,1.0,0.0,0.0,0.0,0.0,0.0,0.0,0.0,0.0,0.0,1.0,0.0,0.0,0.0,1.0,0.0
9393.1640625,93.9,23.4,14.2,51.6,54.5,9.74,0.0,0.0,0.0,0.0,0.0,1.0,0.0,0.0,0.0,0.0,0.0,0.0,1.0,0.0,0.0,0.0
5618.49,66.8,18.4,69.8,30.2,88.5,4.37,0.0,1.0,0.0,0.0,0.0,0.0,0.0,0.0,0.0,0.0,1.0,0.0,0.0,1.0,0.0,0.0
12573.85,46.5,29.5,45.4,69.1,72.5,2.26,0.0,1.0,0.0,0.0,0.0,0.0,0.0,0.0,0.0,0.0,0.0,1.0,0.0,0.0,1.0,0.0
22279.35,65.4,16.1,58.7,58.7,72.7,6.94,0.0,1.0,0.0,0.0,0.0,0.0,0.0,0.0,0.0,0.0,0.0,0.0,1.0,0.0,1.0,0.0
14834.83,57.5,12.4,62.3,90.5,67.5,2.96,0.0,0.0,0.0,0.0,1.0,0.0,0.0,0.0,0.0,0.0,0.0,0.0,1.0,0.0,0.0,0.0
10993.24,90.6,17.0,52.87617492675781,57.38391876220703,57.3,11.72,0.0,0.0,0.0,0.0,1.0,0.0,0.0,0.0,0.0,0.0,0.0,0.0,1.0,0.0,0.0,0.0
16980.89,59.8,13.1,45.3,50.2,93.1,14.8,0.0,0.0,0.0,0.0,0.0,0.0,0.0,0.0,0.0,1.0,1.0,0.0,0.0,1.0,0.0,0.0
17018.49,44.1,18.087297439575195,55.5,91.8,88.1,8.76,0.0,0.0,0.0,0.0,0.0,0.0,1.0,0.0,0.0,0.0,0.0,1.0,0.0,0.0,1.0,0.0
17928.65,83.8,26.1,36.3,19.6,56.0,7.57,0.0,0.0,0.0,0.0,0.0,0.0,0.0,0.0,0.0,0.0,0.0,1.0,0.0,1.0,0.0,0.0
16600.84,82.3,20.13553810119629,76.7,76.1,98.5,14.69,0.0,0.0,0.0,0.0,0.0,0.0,0.0,0.0,0.0,0.0,1.0,0.0,0.0,1.0,0.0,0.0
22595.3,91.3,23.7,71.6,67.4,60.5,6.23,0.0,1.0,0.0,0.0,0.0,0.0,0.0,0.0,0.0,0.0,0.0,1.0,0.0,0.0,1.0,0.0
17564.01,72.6490478515625,15.9,33.4,22.6,81.2,5.84,0.0,0.0,1.0,0.0,0.0,0.0,0.0,0.0,0.0,0.0,0.0,0.0,1.0,0.0,1.0,0.0
13051.78515625,43.3,11.0,59.36439514160156,59.4,67.2,14.54,0.0,0.0,0.0,0.0,0.0,0.0,0.0,1.0,0.0,0.0,0.0,0.0,1.0,1.0,0.0,0.0
13440.79,46.2,16.8,75.1,19.2,85.9,5.7,0.0,0.0,0.0,0.0,0.0,0.0,0.0,0.0,1.0,0.0,0.0,0.0,1.0,1.0,0.0,0.0
20185.79,98.0,13.6,57.6,68.6,65.0,12.3,0.0,0.0,0.0,0.0,1.0,0.0,0.0,0.0,0.0,0.0,1.0,0.0,0.0,0.0,0.0,1.0
24807.06,44.4,17.6,25.4,56.7,59.4,14.65,0.0,0.0,0.0,0.0,0.0,0.0,0.0,0.0,1.0,0.0,1.0,0.0,0.0,0.0,1.0,0.0
24000.94,93.1,24.6,54.9,41.5,82.5,1.02,0.0,0.0,0.0,0.0,0.0,0.0,1.0,0.0,0.0,0.0,0.0,1.0,0.0,1.0,0.0,0.0
9050.24,54.9,25.1,90.0,40.3,68.9,2.38,0.0,0.0,0.0,0.0,0.0,0.0,0.0,1.0,0.0,0.0,0.0,1.0,0.0,0.0,1.0,0.0
24391.42,77.9,12.0,78.8,58.2,75.9,3.96,1.0,0.0,0.0,0.0,0.0,0.0,0.0,0.0,0.0,0.0,0.0,1.0,0.0,1.0,0.0,0.0
19996.34,41.2,14.0,46.6,18.4,80.0,1.09,0.0,0.0,0.0,0.0,0.0,1.0,0.0,0.0,0.0,0.0,1.0,0.0,0.0,1.0,0.0,0.0
15838.373046875,67.0,18.88835906982422,28.1,54.582279205322266,74.8,1.86,0.0,0.0,0.0,0.0,0.0,0.0,1.0,0.0,0.0,0.0,0.0,0.0,1.0,0.0,0.0,1.0
12007.89,53.2,19.270090103149414,26.3,68.9,73.86290740966797,4.41,0.0,0.0,0.0,0.0,0.0,0.0,1.0,0.0,0.0,0.0,0.0,1.0,0.0,0.0,0.0,1.0
5291.51,54.2,20.0,15.5,38.8,53.7,4.9,0.0,0.0,1.0,0.0,0.0,0.0,0.0,0.0,0.0,0.0,0.0,1.0,0.0,0.0,0.0,1.0
6507.51,78.4710464477539,18.1,15.0,50.97370147705078,74.5,8.54,0.0,0.0,0.0,0.0,0.0,1.0,0.0,0.0,0.0,0.0,1.0,0.0,0.0,0.0,1.0,0.0
14685.0869140625,56.3,10.5,80.6,75.0,74.2,11.25,0.0,0.0,0.0,0.0,0.0,0.0,0.0,1.0,0.0,0.0,1.0,0.0,0.0,1.0,0.0,0.0
11967.01,87.1,26.7,84.8,13.0,89.6,3.82,0.0,1.0,0.0,0.0,0.0,0.0,0.0,0.0,0.0,0.0,0.0,0.0,1.0,0.0,0.0,0.0
13447.18,52.7,24.6,81.8,75.1,54.3,7.23,0.0,0.0,0.0,0.0,1.0,0.0,0.0,0.0,0.0,0.0,0.0,1.0,0.0,0.0,1.0,0.0
17055.54,96.1,23.6,74.2,82.7,99.4,10.9,1.0,0.0,0.0,0.0,0.0,0.0,0.0,0.0,0.0,0.0,0.0,0.0,1.0,0.0,1.0,0.0
21551.1,85.9,17.7,50.1,82.3,71.1,1.98,0.0,0.0,1.0,0.0,0.0,0.0,0.0,0.0,0.0,0.0,0.0,0.0,1.0,0.0,0.0,1.0
8276.1,59.7,12.7,23.9,32.4,77.1,13.66,0.0,0.0,1.0,0.0,0.0,0.0,0.0,0.0,0.0,0.0,1.0,0.0,0.0,1.0,0.0,0.0
17127.44,67.50567626953125,29.2,55.6,73.9,92.0,1.46,0.0,0.0,0.0,1.0,0.0,0.0,0.0,0.0,0.0,0.0,0.0,0.0,1.0,0.0,1.0,0.0
9093.76,61.6,12.8,54.4,48.4,78.3,7.88,0.0,0.0,0.0,0.0,0.0,0.0,0.0,0.0,1.0,0.0,1.0,0.0,0.0,1.0,0.0,0.0
18044.06,71.7,25.7,54.7,58.7,88.1,9.96,0.0,0.0,0.0,0.0,0.0,0.0,0.0,0.0,0.0,1.0,0.0,0.0,1.0,0.0,0.0,1.0
8058.53,57.4,16.5,41.7,56.6,53.2,11.09,0.0,0.0,0.0,0.0,0.0,0.0,0.0,0.0,0.0,0.0,0.0,0.0,1.0,0.0,1.0,0.0
19926.92,56.2,15.7,50.3,36.1,87.0,11.73,0.0,0.0,0.0,0.0,0.0,0.0,0.0,1.0,0.0,0.0,1.0,0.0,0.0,1.0,0.0,0.0
14970.5615234375,99.3,22.9,22.8,58.0,52.8,4.95,0.0,0.0,1.0,0.0,0.0,0.0,0.0,0.0,0.0,0.0,0.0,1.0,0.0,1.0,0.0,0.0
11618.59,89.6,14.9,76.3,60.6,73.6,6.23,0.0,1.0,0.0,0.0,0.0,0.0,0.0,0.0,0.0,0.0,0.0,1.0,0.0,1.0,0.0,0.0
17893.28,76.2,24.2,29.2,66.5,82.2,1.4,0.0,0.0,0.0,0.0,0.0,1.0,0.0,0.0,0.0,0.0,1.0,0.0,0.0,0.0,0.0,1.0
19153.5,56.8,23.5,23.2,82.2,85.5,14.59,0.0,0.0,0.0,0.0,1.0,0.0,0.0,0.0,0.0,0.0,0.0,1.0,0.0,0.0,1.0,0.0
15185.103515625,76.2,15.8,86.4,46.1,88.9,0.64,0.0,0.0,0.0,0.0,1.0,0.0,0.0,0.0,0.0,0.0,1.0,0.0,0.0,0.0,1.0,0.0
6815.96,89.7,19.39832305908203,56.3,62.7,56.5,3.42,0.0,0.0,0.0,0.0,0.0,0.0,0.0,1.0,0.0,0.0,0.0,0.0,1.0,0.0,0.0,1.0
19833.66,74.7,11.3,63.2,70.3,51.8,12.85,0.0,0.0,0.0,0.0,0.0,0.0,0.0,0.0,1.0,0.0,0.0,1.0,0.0,0.0,0.0,1.0
14364.22,73.7,16.9,93.4,7.9,63.9,10.87,0.0,0.0,0.0,0.0,1.0,0.0,0.0,0.0,0.0,0.0,0.0,0.0,1.0,1.0,0.0,0.0
12968.3994140625,61.9,26.4,86.0,31.0,75.69551849365234,12.42,0.0,0.0,0.0,0.0,0.0,0.0,1.0,0.0,0.0,0.0,0.0,1.0,0.0,0.0,0.0,1.0
5992.29,78.2,23.8,44.8,38.7,66.7,10.17,0.0,0.0,0.0,0.0,0.0,0.0,0.0,0.0,0.0,1.0,0.0,0.0,1.0,1.0,0.0,0.0
14851.28,72.6,12.1,30.6,30.2,52.5,3.65,0.0,0.0,1.0,0.0,0.0,0.0,0.0,0.0,0.0,0.0,0.0,1.0,0.0,0.0,0.0,1.0
10297.04,51.4,21.4,17.5,51.4,52.9,7.67,0.0,0.0,0.0,0.0,0.0,0.0,0.0,0.0,1.0,0.0,1.0,0.0,0.0,1.0,0.0,0.0
17791.31,48.2,21.8,89.2,9.7,54.0,9.06,0.0,0.0,0.0,0.0,0.0,0.0,0.0,1.0,0.0,0.0,0.0,1.0,0.0,1.0,0.0,0.0
18270.33,98.0,26.4,86.5,65.2,89.7,8.07,0.0,0.0,1.0,0.0,0.0,0.0,0.0,0.0,0.0,0.0,0.0,1.0,0.0,1.0,0.0,0.0
5901.92,55.2,24.7,11.0,77.0,64.5,7.62,0.0,0.0,0.0,0.0,0.0,0.0,0.0,0.0,0.0,1.0,0.0,1.0,0.0,1.0,0.0,0.0
12826.59,88.3,15.6,71.4,71.5,54.1,14.19,0.0,0.0,0.0,0.0,0.0,0.0,0.0,1.0,0.0,0.0,0.0,0.0,1.0,0.0,0.0,1.0
14815.59,71.22125244140625,12.5,14.4,92.1,99.0,0.54,0.0,0.0,0.0,0.0,0.0,0.0,0.0,0.0,0.0,0.0,1.0,0.0,0.0,0.0,1.0,0.0
14945.0126953125,59.2,17.035078048706055,68.8,48.0,76.5,2.59,0.0,0.0,0.0,0.0,0.0,0.0,1.0,0.0,0.0,0.0,0.0,1.0,0.0,0.0,0.0,1.0
14361.85,52.5,16.2,56.673789978027344,88.8,96.5,11.97,1.0,0.0,0.0,0.0,0.0,0.0,0.0,0.0,0.0,0.0,1.0,0.0,0.0,0.0,1.0,0.0
20593.34,96.8,15.8,37.2,22.2,73.2,5.81,0.0,0.0,0.0,0.0,0.0,1.0,0.0,0.0,0.0,0.0,0.0,1.0,0.0,0.0,0.0,1.0
14887.7685546875,98.3,26.4,25.2,34.0,94.1,4.44,0.0,0.0,0.0,0.0,0.0,0.0,0.0,0.0,0.0,0.0,1.0,0.0,0.0,0.0,1.0,0.0
23644.5,94.4,26.7,40.4,72.3,77.4,8.56,0.0,0.0,0.0,0.0,1.0,0.0,0.0,0.0,0.0,0.0,1.0,0.0,0.0,1.0,0.0,0.0
12295.52,61.9,18.2,38.1,26.6,74.1,13.66,0.0,1.0,0.0,0.0,0.0,0.0,0.0,0.0,0.0,0.0,0.0,1.0,0.0,0.0,1.0,0.0
21910.63,82.7,20.4,25.7,64.5,70.0,13.28,1.0,0.0,0.0,0.0,0.0,0.0,0.0,0.0,0.0,0.0,0.0,1.0,0.0,1.0,0.0,0.0
19512.19,41.6,18.2,28.6,59.6,98.6,4.25,0.0,0.0,0.0,0.0,0.0,0.0,0.0,1.0,0.0,0.0,0.0,0.0,1.0,0.0,0.0,1.0
19276.61,60.8,11.0,39.2,46.2,88.2,3.0,0.0,0.0,0.0,0.0,0.0,1.0,0.0,0.0,0.0,0.0,1.0,0.0,0.0,0.0,0.0,1.0
22563.27,45.4,14.2,79.0,83.1,74.4,10.01,0.0,0.0,0.0,0.0,0.0,0.0,0.0,1.0,0.0,0.0,0.0,1.0,0.0,0.0,0.0,0.0
16041.8544921875,93.5,13.1,48.1,72.4,72.44927215576172,3.76,0.0,1.0,0.0,0.0,0.0,0.0,0.0,0.0,0.0,0.0,0.0,0.0,1.0,0.0,0.0,1.0
7012.78,95.8,21.0,29.2,58.1,57.4,2.63,0.0,0.0,0.0,0.0,0.0,0.0,0.0,0.0,0.0,1.0,0.0,0.0,1.0,0.0,1.0,0.0
12068.54,70.5,11.4,41.1,73.7,95.0,6.77,0.0,0.0,1.0,0.0,0.0,0.0,0.0,0.0,0.0,0.0,0.0,1.0,0.0,0.0,1.0,0.0
13078.91,64.9,27.4,49.44717788696289,48.2,95.7,5.57,0.0,0.0,1.0,0.0,0.0,0.0,0.0,0.0,0.0,0.0,1.0,0.0,0.0,0.0,1.0,0.0
13869.84,70.6,27.6,31.4,67.0,80.9,12.61,0.0,0.0,0.0,0.0,0.0,0.0,0.0,0.0,0.0,0.0,0.0,0.0,1.0,0.0,1.0,0.0
14229.0029296875,55.3,27.2,63.7,32.1,75.6,3.65,0.0,0.0,0.0,1.0,0.0,0.0,0.0,0.0,0.0,0.0,0.0,0.0,1.0,1.0,0.0,0.0
21981.75,43.5,25.4,93.7,41.897335052490234,59.2,11.23,0.0,0.0,0.0,0.0,0.0,0.0,0.0,0.0,0.0,1.0,0.0,0.0,1.0,0.0,1.0,0.0
23652.5,42.2,18.1,48.6,33.2,91.4,14.44,1.0,0.0,0.0,0.0,0.0,0.0,0.0,0.0,0.0,0.0,0.0,0.0,1.0,0.0,0.0,0.0
5918.98,75.82490539550781,16.0,64.32829284667969,94.0,51.9,0.87,1.0,0.0,0.0,0.0,0.0,0.0,0.0,0.0,0.0,0.0,0.0,0.0,1.0,0.0,0.0,1.0
9966.62,100.0,19.0,71.6,61.6,83.0,8.78,0.0,0.0,0.0,0.0,0.0,0.0,1.0,0.0,0.0,0.0,0.0,0.0,1.0,0.0,1.0,0.0
10211.94,78.2,18.4,26.0,65.6,53.0,10.23,0.0,1.0,0.0,0.0,0.0,0.0,0.0,0.0,0.0,0.0,0.0,0.0,1.0,1.0,0.0,0.0
13852.19,41.2,10.6,13.5,42.8,62.6,4.82,0.0,0.0,0.0,1.0,0.0,0.0,0.0,0.0,0.0,0.0,0.0,1.0,0.0,1.0,0.0,0.0
9326.02,87.3,16.7,74.3,49.5,67.5,13.32,1.0,0.0,0.0,0.0,0.0,0.0,0.0,0.0,0.0,0.0,1.0,0.0,0.0,1.0,0.0,0.0
21381.93,88.1,14.6,61.7,35.4,92.1,2.97,0.0,0.0,0.0,0.0,0.0,0.0,0.0,0.0,0.0,0.0,0.0,0.0,1.0,0.0,1.0,0.0
24734.07,49.2,19.3,30.9,32.9,75.8,7.96,0.0,0.0,0.0,0.0,0.0,0.0,0.0,0.0,0.0,1.0,1.0,0.0,0.0,0.0,0.0,1.0
24895.76,62.8,17.059654235839844,10.3,9.0,78.4,0.66,0.0,0.0,1.0,0.0,0.0,0.0,0.0,0.0,0.0,0.0,1.0,0.0,0.0,1.0,0.0,0.0
6988.88,64.8,18.3,13.6,59.3,65.08245086669922,0.71,0.0,0.0,0.0,0.0,0.0,0.0,0.0,1.0,0.0,0.0,0.0,0.0,1.0,0.0,0.0,0.0
12750.15,81.6,28.0,92.9,25.6,77.97595977783203,11.39,0.0,1.0,0.0,0.0,0.0,0.0,0.0,0.0,0.0,0.0,0.0,0.0,1.0,1.0,0.0,0.0
5813.21,71.4,26.7,10.3,33.7,87.3,8.0,0.0,0.0,0.0,1.0,0.0,0.0,0.0,0.0,0.0,0.0,0.0,0.0,1.0,1.0,0.0,0.0
12236.77,41.5,13.9,79.6,57.7,84.3,1.66,1.0,0.0,0.0,0.0,0.0,0.0,0.0,0.0,0.0,0.0,0.0,0.0,1.0,1.0,0.0,0.0
23919.94,73.7,28.3,19.3,37.72378921508789,50.7,10.64,0.0,1.0,0.0,0.0,0.0,0.0,0.0,0.0,0.0,0.0,0.0,0.0,1.0,1.0,0.0,0.0
13933.634765625,66.1,23.7,28.5,54.8,76.1,7.6,0.0,0.0,0.0,1.0,0.0,0.0,0.0,0.0,0.0,0.0,1.0,0.0,0.0,1.0,0.0,0.0
7053.01,72.53812408447266,20.808002471923828,18.4,42.5,86.7,3.39,0.0,0.0,0.0,0.0,0.0,0.0,0.0,0.0,0.0,0.0,0.0,0.0,1.0,0.0,0.0,1.0
17376.31,66.0,14.2,61.412940979003906,90.5,58.7,11.36,1.0,0.0,0.0,0.0,0.0,0.0,0.0,0.0,0.0,0.0,0.0,0.0,1.0,0.0,0.0,1.0
5955.35,94.2,24.6,20.5,70.5,69.2394790649414,5.92,0.0,0.0,0.0,0.0,0.0,0.0,0.0,1.0,0.0,0.0,1.0,0.0,0.0,0.0,0.0,1.0
15506.4990234375,78.12257385253906,21.6,66.3,24.9,81.9,11.13,1.0,0.0,0.0,0.0,0.0,0.0,0.0,0.0,0.0,0.0,0.0,1.0,0.0,0.0,0.0,1.0
24540.9,90.5,24.9,41.4,14.7,89.4,4.76,0.0,0.0,0.0,0.0,0.0,0.0,0.0,0.0,0.0,1.0,1.0,0.0,0.0,1.0,0.0,0.0
8091.47,59.5,21.1,77.7,55.1,59.3,11.04,0.0,0.0,0.0,0.0,1.0,0.0,0.0,0.0,0.0,0.0,0.0,1.0,0.0,0.0,0.0,1.0
22207.53,48.2,14.9,70.8,42.55226516723633,80.7,14.24,0.0,0.0,0.0,0.0,0.0,0.0,0.0,1.0,0.0,0.0,1.0,0.0,0.0,1.0,0.0,0.0
11008.01,90.2,17.9,28.6,18.9,68.5,5.27,0.0,0.0,0.0,1.0,0.0,0.0,0.0,0.0,0.0,0.0,1.0,0.0,0.0,0.0,0.0,1.0
18367.64,99.6,18.760744094848633,71.0,72.6,60.9,4.62,1.0,0.0,0.0,0.0,0.0,0.0,0.0,0.0,0.0,0.0,1.0,0.0,0.0,0.0,1.0,0.0
17521.06,40.8,20.6,66.7,8.4,60.3,10.88,0.0,0.0,0.0,0.0,1.0,0.0,0.0,0.0,0.0,0.0,1.0,0.0,0.0,0.0,0.0,0.0
19133.75,65.9,17.6,44.0,7.0,89.0,11.72,0.0,0.0,0.0,1.0,0.0,0.0,0.0,0.0,0.0,0.0,1.0,0.0,0.0,1.0,0.0,0.0
20136.95,64.9,17.5,25.9,68.1,92.4,11.28,0.0,0.0,0.0,0.0,0.0,0.0,0.0,0.0,0.0,1.0,1.0,0.0,0.0,0.0,1.0,0.0
15111.72,92.0,25.9,35.5,51.72379684448242,55.5,10.84,0.0,0.0,0.0,0.0,0.0,1.0,0.0,0.0,0.0,0.0,0.0,0.0,1.0,0.0,0.0,1.0
12601.78,93.0,19.1,90.8,48.5,84.1,5.02,0.0,0.0,0.0,1.0,0.0,0.0,0.0,0.0,0.0,0.0,0.0,0.0,1.0,0.0,0.0,1.0
6975.95,69.8,25.7,43.6,55.83741760253906,54.5,10.5,0.0,0.0,0.0,0.0,0.0,0.0,0.0,1.0,0.0,0.0,0.0,0.0,1.0,0.0,0.0,0.0
10283.84,40.3,18.7,47.7,50.7,57.6,13.28,0.0,0.0,1.0,0.0,0.0,0.0,0.0,0.0,0.0,0.0,0.0,0.0,1.0,1.0,0.0,0.0
10646.73,81.3,28.1,58.34355926513672,38.5,59.4,14.9,0.0,0.0,1.0,0.0,0.0,0.0,0.0,0.0,0.0,0.0,0.0,0.0,1.0,1.0,0.0,0.0
6853.48,59.7,18.3,25.7,48.536651611328125,98.4,6.11,0.0,0.0,0.0,0.0,1.0,0.0,0.0,0.0,0.0,0.0,0.0,1.0,0.0,1.0,0.0,0.0
6434.33,93.8,26.8,72.9,69.28701782226562,79.0,1.19,0.0,0.0,0.0,0.0,0.0,0.0,0.0,0.0,0.0,0.0,1.0,0.0,0.0,0.0,0.0,1.0
19588.2,48.8,17.7,18.4,24.3,68.1,3.87,0.0,1.0,0.0,0.0,0.0,0.0,0.0,0.0,0.0,0.0,1.0,0.0,0.0,1.0,0.0,0.0
14688.29,70.5,11.5,87.7,47.117557525634766,97.1,4.87,0.0,0.0,0.0,0.0,0.0,0.0,0.0,0.0,0.0,0.0,1.0,0.0,0.0,1.0,0.0,0.0
23961.1,66.43628692626953,29.3,48.29575729370117,61.9,76.42037200927734,5.54,0.0,0.0,0.0,0.0,0.0,0.0,1.0,0.0,0.0,0.0,0.0,0.0,1.0,0.0,1.0,0.0
8508.05,63.0,18.6,49.5,14.2,69.1,12.66,0.0,0.0,0.0,0.0,0.0,0.0,0.0,0.0,0.0,0.0,0.0,1.0,0.0,0.0,0.0,1.0
16240.0478515625,87.5,20.21530532836914,54.956207275390625,48.92527770996094,76.2,13.01,1.0,0.0,0.0,0.0,0.0,0.0,0.0,0.0,0.0,0.0,0.0,1.0,0.0,0.0,0.0,1.0
23583.79,82.1,24.5,72.0,50.6,53.3,11.53,0.0,0.0,0.0,1.0,0.0,0.0,0.0,0.0,0.0,0.0,1.0,0.0,0.0,0.0,0.0,1.0
14000.1748046875,59.3,28.3,67.30345916748047,11.1,52.4,14.71,0.0,0.0,0.0,0.0,0.0,1.0,0.0,0.0,0.0,0.0,1.0,0.0,0.0,1.0,0.0,0.0
15922.25,88.0,16.9,55.5,7.4,70.28571319580078,3.33,0.0,0.0,0.0,0.0,0.0,1.0,0.0,0.0,0.0,0.0,0.0,0.0,1.0,1.0,0.0,0.0
6769.82,65.8,13.7,21.9,34.4,64.2,10.47,1.0,0.0,0.0,0.0,0.0,0.0,0.0,0.0,0.0,0.0,1.0,0.0,0.0,0.0,0.0,0.0
11296.11,48.8,12.8,45.0,79.9,64.5,1.62,0.0,0.0,0.0,0.0,0.0,1.0,0.0,0.0,0.0,0.0,0.0,0.0,1.0,0.0,0.0,0.0
19360.48,61.6,23.2,11.1,60.8,95.3,5.54,0.0,0.0,0.0,0.0,0.0,0.0,0.0,0.0,0.0,0.0,0.0,0.0,1.0,1.0,0.0,0.0
10374.24,46.2,12.3,68.6,38.0,99.9,5.36,0.0,0.0,0.0,0.0,1.0,0.0,0.0,0.0,0.0,0.0,1.0,0.0,0.0,1.0,0.0,0.0
6962.53,68.60599517822266,11.5,15.7,55.31354522705078,98.1,7.19,0.0,0.0,0.0,0.0,0.0,1.0,0.0,0.0,0.0,0.0,1.0,0.0,0.0,0.0,1.0,0.0
7479.13,74.7,13.0,70.2,30.8,89.6,13.99,1.0,0.0,0.0,0.0,0.0,0.0,0.0,0.0,0.0,0.0,0.0,1.0,0.0,0.0,0.0,1.0
14989.00390625,59.1,20.08200454711914,53.925655364990234,69.5,79.8,14.27,0.0,0.0,1.0,0.0,0.0,0.0,0.0,0.0,0.0,0.0,0.0,0.0,1.0,1.0,0.0,0.0
8569.4,96.3,24.9,65.5,65.7,74.0948257446289,9.56,0.0,0.0,0.0,0.0,0.0,0.0,1.0,0.0,0.0,0.0,1.0,0.0,0.0,0.0,0.0,1.0
21396.45,66.8,14.8,25.1,9.7,63.6,6.82,0.0,0.0,0.0,1.0,0.0,0.0,0.0,0.0,0.0,0.0,1.0,0.0,0.0,0.0,1.0,0.0
7322.19,62.6,11.0,75.1,47.9,62.1,2.55,0.0,0.0,1.0,0.0,0.0,0.0,0.0,0.0,0.0,0.0,0.0,1.0,0.0,0.0,0.0,1.0
14751.3408203125,42.4,19.9,86.9,38.5,55.5,12.93,1.0,0.0,0.0,0.0,0.0,0.0,0.0,0.0,0.0,0.0,1.0,0.0,0.0,0.0,1.0,0.0
21695.65,71.9,21.0,25.2,73.2,74.7,3.94,0.0,0.0,0.0,0.0,0.0,0.0,0.0,0.0,0.0,1.0,1.0,0.0,0.0,0.0,1.0,0.0
15104.98,92.6,16.9,53.91060256958008,49.9,74.8,9.61,0.0,0.0,0.0,0.0,0.0,0.0,0.0,0.0,0.0,1.0,0.0,1.0,0.0,0.0,0.0,1.0
13510.04,45.3,18.9,35.2,60.55473709106445,76.9,13.68,0.0,0.0,0.0,0.0,0.0,0.0,0.0,1.0,0.0,0.0,0.0,0.0,1.0,0.0,1.0,0.0
9401.94,86.2,19.12158966064453,51.5,33.6,56.0,3.3,0.0,0.0,0.0,0.0,0.0,1.0,0.0,0.0,0.0,0.0,0.0,0.0,1.0,0.0,0.0,1.0
17392.29,84.1,24.0,18.0,61.16111373901367,97.7,12.93,0.0,0.0,0.0,0.0,0.0,0.0,0.0,0.0,1.0,0.0,0.0,0.0,1.0,0.0,1.0,0.0
13988.66,40.0,29.9,36.6,76.2,66.8,7.32,0.0,0.0,1.0,0.0,0.0,0.0,0.0,0.0,0.0,0.0,0.0,0.0,1.0,1.0,0.0,0.0
21114.49,42.6,18.291156768798828,87.5,48.4,96.9,4.05,0.0,0.0,0.0,1.0,0.0,0.0,0.0,0.0,0.0,0.0,0.0,0.0,1.0,1.0,0.0,0.0
13140.78,80.4,12.1,10.8,31.9,57.2,0.59,0.0,0.0,0.0,0.0,0.0,1.0,0.0,0.0,0.0,0.0,0.0,1.0,0.0,0.0,0.0,1.0
23327.88,49.4,19.0,40.7,46.1,87.1,4.21,0.0,0.0,1.0,0.0,0.0,0.0,0.0,0.0,0.0,0.0,0.0,0.0,1.0,0.0,1.0,0.0
14913.5478515625,93.0,29.3,45.0,60.288917541503906,85.97708892822266,3.59,0.0,0.0,0.0,0.0,1.0,0.0,0.0,0.0,0.0,0.0,0.0,1.0,0.0,0.0,0.0,1.0
13817.576171875,65.4,21.1,71.4,16.2,68.6,11.15,0.0,0.0,1.0,0.0,0.0,0.0,0.0,0.0,0.0,0.0,1.0,0.0,0.0,1.0,0.0,0.0
21898.02,83.1,28.1,61.4,52.41222381591797,74.06036376953125,2.16,0.0,0.0,0.0,0.0,0.0,0.0,0.0,1.0,0.0,0.0,0.0,0.0,1.0,0.0,1.0,0.0
11241.62,47.5,17.0,11.4,30.8,53.6,7.96,0.0,0.0,0.0,0.0,0.0,1.0,0.0,0.0,0.0,0.0,1.0,0.0,0.0,0.0,1.0,0.0
21935.74,88.9,28.8,44.7,29.3,84.06175994873047,13.49,0.0,0.0,0.0,0.0,0.0,1.0,0.0,0.0,0.0,0.0,1.0,0.0,0.0,0.0,0.0,0.0
11102.97,54.1,15.9,21.9,69.9,89.3,4.88,0.0,0.0,0.0,0.0,0.0,0.0,0.0,0.0,1.0,0.0,0.0,1.0,0.0,1.0,0.0,0.0
8257.66,55.5,25.8,77.5,87.4,71.36224365234375,13.16,0.0,0.0,0.0,0.0,0.0,0.0,0.0,1.0,0.0,0.0,1.0,0.0,0.0,0.0,1.0,0.0
7146.62,70.8,19.764432907104492,82.3,32.4,95.9,11.45,1.0,0.0,0.0,0.0,0.0,0.0,0.0,0.0,0.0,0.0,0.0,0.0,1.0,1.0,0.0,0.0
24309.49,52.3,19.9,49.25018310546875,70.5,76.6,11.19,0.0,0.0,0.0,0.0,1.0,0.0,0.0,0.0,0.0,0.0,0.0,0.0,1.0,1.0,0.0,0.0
8084.24,59.9,25.8,34.8,19.0,96.5,8.32,0.0,0.0,0.0,1.0,0.0,0.0,0.0,0.0,0.0,0.0,1.0,0.0,0.0,0.0,1.0,0.0
18840.33,77.8,17.6,16.4,51.0,63.1,10.73,0.0,0.0,0.0,0.0,0.0,0.0,0.0,0.0,0.0,0.0,0.0,1.0,0.0,0.0,0.0,1.0
5349.32,61.6,25.9,28.7,52.67473602294922,53.7,4.55,0.0,0.0,0.0,1.0,0.0,0.0,0.0,0.0,0.0,0.0,0.0,0.0,1.0,0.0,0.0,1.0
12574.16,70.19791412353516,22.3,45.79914093017578,85.1,73.35748291015625,8.95,0.0,0.0,1.0,0.0,0.0,0.0,0.0,0.0,0.0,0.0,0.0,1.0,0.0,0.0,0.0,0.0
12401.04296875,72.46416473388672,22.8,42.2,91.9,57.0,14.76,0.0,0.0,0.0,0.0,0.0,0.0,1.0,0.0,0.0,0.0,0.0,1.0,0.0,1.0,0.0,0.0
24491.68,58.7,26.2,45.6,84.2,62.7,6.09,0.0,1.0,0.0,0.0,0.0,0.0,0.0,0.0,0.0,0.0,0.0,0.0,1.0,0.0,0.0,1.0
11431.38,59.6,14.3,29.1,54.7,74.65608215332031,4.82,1.0,0.0,0.0,0.0,0.0,0.0,0.0,0.0,0.0,0.0,1.0,0.0,0.0,0.0,0.0,1.0
18360.27,80.9,17.1,90.5,12.0,58.5,14.85,0.0,0.0,1.0,0.0,0.0,0.0,0.0,0.0,0.0,0.0,1.0,0.0,0.0,1.0,0.0,0.0
24831.12,68.3,17.4,81.2,80.7,63.3,12.36,1.0,0.0,0.0,0.0,0.0,0.0,0.0,0.0,0.0,0.0,0.0,0.0,1.0,0.0,0.0,1.0
19922.05,63.8,18.6,48.28960418701172,65.1,50.8,7.39,0.0,0.0,0.0,0.0,0.0,0.0,0.0,0.0,1.0,0.0,1.0,0.0,0.0,0.0,0.0,1.0
21277.18,91.1,25.8,56.42152404785156,67.0,54.0,12.22,1.0,0.0,0.0,0.0,0.0,0.0,0.0,0.0,0.0,0.0,0.0,0.0,1.0,1.0,0.0,0.0
19652.98,73.1,21.0,59.1,62.2,66.1,3.24,0.0,0.0,1.0,0.0,0.0,0.0,0.0,0.0,0.0,0.0,0.0,1.0,0.0,0.0,0.0,1.0
17574.9,65.46354675292969,13.9,74.6,71.5,67.1,7.69,0.0,1.0,0.0,0.0,0.0,0.0,0.0,0.0,0.0,0.0,0.0,1.0,0.0,1.0,0.0,0.0
16233.73,68.80853271484375,26.4,40.4,43.4,71.2,12.31,0.0,0.0,0.0,1.0,0.0,0.0,0.0,0.0,0.0,0.0,0.0,0.0,1.0,1.0,0.0,0.0
5611.5,54.4,14.1,44.3,54.44745635986328,90.5,10.2,0.0,0.0,0.0,0.0,0.0,0.0,0.0,1.0,0.0,0.0,1.0,0.0,0.0,0.0,0.0,1.0
14137.2021484375,60.7,15.3,79.6,17.8,85.0,3.63,0.0,0.0,0.0,0.0,0.0,0.0,1.0,0.0,0.0,0.0,0.0,0.0,1.0,0.0,1.0,0.0
11836.51,63.7,10.4,66.7,55.5,54.3,8.9,1.0,0.0,0.0,0.0,0.0,0.0,0.0,0.0,0.0,0.0,0.0,1.0,0.0,0.0,0.0,1.0
22415.37,81.9,18.686946868896484,34.1,55.1,73.25426483154297,10.23,0.0,0.0,0.0,0.0,0.0,0.0,0.0,0.0,1.0,0.0,0.0,1.0,0.0,0.0,1.0,0.0
13895.47,51.5,21.3,35.7,84.8,66.1,8.48,0.0,0.0,0.0,0.0,0.0,0.0,0.0,1.0,0.0,0.0,0.0,0.0,1.0,1.0,0.0,0.0
10080.98,44.1,28.1,14.1,19.5,70.0,14.29,0.0,0.0,0.0,0.0,0.0,0.0,0.0,1.0,0.0,0.0,1.0,0.0,0.0,0.0,1.0,0.0
23743.27,73.7,28.0,43.89542770385742,19.3,52.3,1.19,0.0,0.0,0.0,0.0,0.0,0.0,0.0,1.0,0.0,0.0,0.0,1.0,0.0,0.0,0.0,1.0
24981.9,44.1,28.4,75.9,13.0,78.4,0.65,0.0,0.0,1.0,0.0,0.0,0.0,0.0,0.0,0.0,0.0,0.0,1.0,0.0,0.0,0.0,1.0
11431.13,72.0,29.3,68.4,31.9,53.3,2.88,0.0,0.0,0.0,0.0,0.0,0.0,1.0,0.0,0.0,0.0,1.0,0.0,0.0,0.0,1.0,0.0
19734.53,94.7,18.947534561157227,48.1,34.0,86.0,0.56,0.0,0.0,0.0,0.0,0.0,1.0,0.0,0.0,0.0,0.0,0.0,0.0,1.0,1.0,0.0,0.0
8740.17,86.8,28.2,68.0,42.5,91.7,12.75,0.0,0.0,0.0,0.0,0.0,1.0,0.0,0.0,0.0,0.0,1.0,0.0,0.0,0.0,1.0,0.0
15695.71,56.9,17.2,49.4,83.3,98.1,4.39,0.0,0.0,0.0,0.0,0.0,1.0,0.0,0.0,0.0,0.0,0.0,0.0,1.0,0.0,0.0,1.0
23670.41,67.4,11.7,29.0,40.5,60.3,3.42,0.0,0.0,0.0,0.0,1.0,0.0,0.0,0.0,0.0,0.0,0.0,1.0,0.0,1.0,0.0,0.0
13203.13,71.9,20.037153244018555,58.4,11.5,55.4,12.24,0.0,0.0,0.0,0.0,0.0,0.0,0.0,0.0,0.0,1.0,0.0,1.0,0.0,1.0,0.0,0.0
18014.1015625,73.65486145019531,13.1,53.3,6.7,88.3,7.57,0.0,0.0,0.0,0.0,0.0,1.0,0.0,0.0,0.0,0.0,0.0,0.0,1.0,0.0,0.0,1.0
24278.72,40.2,12.4,33.1,56.4,72.6,3.67,0.0,1.0,0.0,0.0,0.0,0.0,0.0,0.0,0.0,0.0,1.0,0.0,0.0,1.0,0.0,0.0
12580.37,51.6,25.0,15.5,49.0,55.4,4.25,0.0,0.0,0.0,0.0,0.0,0.0,0.0,0.0,0.0,0.0,1.0,0.0,0.0,1.0,0.0,0.0
23525.49,86.6,28.5,55.2,55.1,78.12554168701172,3.57,0.0,0.0,0.0,0.0,0.0,0.0,0.0,0.0,1.0,0.0,0.0,1.0,0.0,1.0,0.0,0.0
6490.93,48.0,14.0,52.46668243408203,51.5,84.5,14.78,0.0,0.0,0.0,0.0,0.0,0.0,0.0,0.0,0.0,1.0,0.0,1.0,0.0,0.0,0.0,0.0
5284.34,85.3,14.3,93.3,76.9,83.9,10.89,0.0,0.0,0.0,0.0,0.0,0.0,0.0,0.0,0.0,0.0,1.0,0.0,0.0,0.0,1.0,0.0
7874.76,75.8,13.4,52.474578857421875,31.8,80.4,9.44,0.0,0.0,1.0,0.0,0.0,0.0,0.0,0.0,0.0,0.0,0.0,1.0,0.0,1.0,0.0,0.0
16149.46,67.61825561523438,26.6,46.6,11.8,85.6,5.11,0.0,0.0,0.0,0.0,1.0,0.0,0.0,0.0,0.0,0.0,1.0,0.0,0.0,0.0,0.0,1.0
14601.12,70.76472473144531,18.2,71.7,70.1,75.80082702636719,5.24,0.0,1.0,0.0,0.0,0.0,0.0,0.0,0.0,0.0,0.0,0.0,0.0,1.0,1.0,0.0,0.0
18790.12,49.4,16.4,68.3,5.9,58.1,0.68,0.0,0.0,0.0,1.0,0.0,0.0,0.0,0.0,0.0,0.0,0.0,0.0,1.0,0.0,0.0,0.0
8502.16,58.1,15.0,38.7,72.8,76.4933090209961,9.0,0.0,0.0,0.0,0.0,0.0,0.0,0.0,0.0,0.0,1.0,0.0,0.0,1.0,0.0,1.0,0.0
16756.21,98.5,26.2,47.4,70.6,80.6,6.16,0.0,0.0,0.0,0.0,0.0,0.0,1.0,0.0,0.0,0.0,0.0,1.0,0.0,0.0,1.0,0.0
20641.87,99.5,14.0,83.9442367553711,88.2,86.2,14.24,0.0,0.0,0.0,0.0,0.0,1.0,0.0,0.0,0.0,0.0,0.0,1.0,0.0,0.0,0.0,1.0
16633.12,80.50273895263672,28.1,58.1,57.9,99.2,14.45,1.0,0.0,0.0,0.0,0.0,0.0,0.0,0.0,0.0,0.0,1.0,0.0,0.0,0.0,0.0,1.0
8225.48,51.2,24.2,64.30846405029297,55.5,64.2,2.16,1.0,0.0,0.0,0.0,0.0,0.0,0.0,0.0,0.0,0.0,0.0,1.0,0.0,0.0,1.0,0.0
17607.74,64.8,14.3,50.4,85.6,60.2,3.06,0.0,1.0,0.0,0.0,0.0,0.0,0.0,0.0,0.0,0.0,1.0,0.0,0.0,0.0,0.0,1.0
21954.31,92.9,16.4,10.2,46.0,69.5,8.81,0.0,0.0,0.0,0.0,0.0,0.0,0.0,0.0,1.0,0.0,0.0,1.0,0.0,0.0,1.0,0.0
20202.08,55.5,19.1,69.3,49.1158447265625,86.0,4.78,0.0,0.0,0.0,0.0,0.0,1.0,0.0,0.0,0.0,0.0,0.0,0.0,1.0,1.0,0.0,0.0
13311.58,95.9,15.2,29.7,12.8,94.9,7.88,0.0,1.0,0.0,0.0,0.0,0.0,0.0,0.0,0.0,0.0,0.0,0.0,1.0,1.0,0.0,0.0
19319.02,86.3,13.9,16.9,30.6,51.5,14.42,0.0,0.0,0.0,0.0,0.0,0.0,1.0,0.0,0.0,0.0,1.0,0.0,0.0,0.0,1.0,0.0
7448.87,71.1,21.077381134033203,12.6,40.1,74.17758178710938,12.01,0.0,0.0,0.0,0.0,0.0,0.0,0.0,0.0,0.0,1.0,0.0,1.0,0.0,0.0,1.0,0.0
17958.56,76.8,25.3,35.5,44.24952697753906,83.6,7.44,0.0,0.0,0.0,0.0,0.0,0.0,0.0,0.0,0.0,0.0,1.0,0.0,0.0,0.0,0.0,1.0
11144.58,57.6,13.4,59.7,51.1,64.9,12.35,0.0,0.0,0.0,0.0,0.0,0.0,0.0,0.0,1.0,0.0,1.0,0.0,0.0,0.0,0.0,0.0
20071.1,66.7,23.9,22.5,81.8,91.7,11.29,0.0,0.0,0.0,0.0,0.0,1.0,0.0,0.0,0.0,0.0,1.0,0.0,0.0,0.0,0.0,0.0
16183.095703125,82.8,19.877334594726562,19.3,61.0,57.3,6.7,0.0,0.0,0.0,0.0,0.0,0.0,0.0,0.0,0.0,1.0,0.0,0.0,1.0,1.0,0.0,0.0
24335.22,82.8,18.7,52.5,58.5,65.04856872558594,1.23,0.0,0.0,0.0,0.0,0.0,1.0,0.0,0.0,0.0,0.0,0.0,1.0,0.0,0.0,0.0,1.0
8480.82,77.5,25.6,36.5,78.5,68.69763946533203,10.69,0.0,0.0,0.0,0.0,0.0,0.0,0.0,0.0,0.0,0.0,1.0,0.0,0.0,0.0,0.0,0.0
9310.7,43.1,22.5,64.7,7.5,55.4,11.89,0.0,0.0,0.0,0.0,0.0,0.0,0.0,0.0,0.0,1.0,1.0,0.0,0.0,0.0,1.0,0.0
15946.73,82.2,17.7,15.9,45.3,70.9,10.9,0.0,0.0,0.0,0.0,0.0,1.0,0.0,0.0,0.0,0.0,0.0,0.0,1.0,0.0,1.0,0.0
18072.494140625,69.615966796875,15.0,43.97929763793945,78.4,78.5,2.65,0.0,0.0,0.0,0.0,0.0,0.0,0.0,0.0,0.0,1.0,0.0,1.0,0.0,0.0,1.0,0.0
7506.27,66.9,29.2,68.3,18.6,85.7,8.49,1.0,0.0,0.0,0.0,0.0,0.0,0.0,0.0,0.0,0.0,0.0,1.0,0.0,1.0,0.0,0.0
10501.83,56.6,28.3,50.1,71.7,55.6,10.88,0.0,0.0,0.0,1.0,0.0,0.0,0.0,0.0,0.0,0.0,1.0,0.0,0.0,0.0,1.0,0.0
5628.65,81.1,21.8,26.5,53.2,52.5,13.45,0.0,1.0,0.0,0.0,0.0,0.0,0.0,0.0,0.0,0.0,1.0,0.0,0.0,0.0,1.0,0.0
14946.91,94.2,25.1,53.61378860473633,94.2,77.0,14.43,0.0,1.0,0.0,0.0,0.0,0.0,0.0,0.0,0.0,0.0,0.0,1.0,0.0,0.0,1.0,0.0
17372.59,45.0,25.4,66.8,41.6,71.8,1.74,0.0,0.0,1.0,0.0,0.0,0.0,0.0,0.0,0.0,0.0,0.0,0.0,1.0,1.0,0.0,0.0
15446.53,78.0,29.4,47.7,51.796775817871094,81.70610809326172,4.01,0.0,0.0,0.0,0.0,1.0,0.0,0.0,0.0,0.0,0.0,1.0,0.0,0.0,0.0,1.0,0.0
15041.908203125,77.9,17.888702392578125,81.6,32.9,64.9,4.67,0.0,0.0,0.0,1.0,0.0,0.0,0.0,0.0,0.0,0.0,0.0,1.0,0.0,0.0,0.0,1.0
19617.44,50.5,14.0,45.1,41.9,61.0,10.29,1.0,0.0,0.0,0.0,0.0,0.0,0.0,0.0,0.0,0.0,0.0,1.0,0.0,0.0,1.0,0.0
14305.94,49.8,12.8,91.3,49.009986877441406,95.6,12.74,0.0,0.0,1.0,0.0,0.0,0.0,0.0,0.0,0.0,0.0,1.0,0.0,0.0,0.0,0.0,1.0
6122.9,91.4,16.8,28.0,70.9,77.7,7.64,0.0,0.0,0.0,0.0,0.0,0.0,0.0,0.0,1.0,0.0,0.0,1.0,0.0,0.0,0.0,0.0
20814.24,66.39276885986328,11.8,66.87269592285156,93.0,63.9,1.81,0.0,0.0,0.0,0.0,0.0,0.0,0.0,0.0,1.0,0.0,0.0,1.0,0.0,1.0,0.0,0.0
17627.01,78.3,20.3,79.1,49.60806655883789,72.7,3.23,0.0,1.0,0.0,0.0,0.0,0.0,0.0,0.0,0.0,0.0,0.0,0.0,1.0,0.0,0.0,0.0
8791.72,87.6,20.929208755493164,31.3,43.3,81.3,3.37,0.0,0.0,0.0,0.0,0.0,0.0,0.0,1.0,0.0,0.0,0.0,1.0,0.0,0.0,0.0,1.0
23796.79,64.1,17.4,68.1,26.5,72.4,5.46,0.0,1.0,0.0,0.0,0.0,0.0,0.0,0.0,0.0,0.0,0.0,1.0,0.0,1.0,0.0,0.0
18704.15,82.9,12.8,11.4,43.07793045043945,88.8,13.73,0.0,0.0,0.0,1.0,0.0,0.0,0.0,0.0,0.0,0.0,1.0,0.0,0.0,0.0,0.0,1.0
6429.0,81.0,24.0,42.1,85.3,63.0,11.61,0.0,0.0,0.0,0.0,1.0,0.0,0.0,0.0,0.0,0.0,0.0,0.0,1.0,0.0,1.0,0.0
7701.85,89.4,12.8,90.8,67.2463607788086,63.4,4.5,0.0,0.0,0.0,0.0,0.0,0.0,0.0,0.0,0.0,0.0,0.0,1.0,0.0,1.0,0.0,0.0
24350.94,46.5,10.2,74.9,35.2,61.3,2.41,0.0,0.0,0.0,0.0,0.0,1.0,0.0,0.0,0.0,0.0,0.0,1.0,0.0,0.0,0.0,1.0
18804.99,84.7,18.1,18.1,33.645442962646484,86.1,11.25,0.0,0.0,0.0,0.0,0.0,0.0,1.0,0.0,0.0,0.0,0.0,0.0,1.0,0.0,1.0,0.0
10283.75,80.0,21.676610946655273,44.9,55.1,78.9,8.27,0.0,0.0,0.0,0.0,0.0,0.0,0.0,0.0,0.0,1.0,1.0,0.0,0.0,0.0,0.0,0.0
20653.17,87.3,18.6,65.7,25.0,65.5,14.99,0.0,0.0,0.0,0.0,0.0,0.0,0.0,0.0,0.0,1.0,0.0,0.0,1.0,0.0,0.0,1.0
14740.6796875,50.9,22.6,51.1671028137207,59.482391357421875,91.6,5.58,0.0,0.0,0.0,1.0,0.0,0.0,0.0,0.0,0.0,0.0,0.0,1.0,0.0,0.0,1.0,0.0
7138.51,50.9,17.9,94.5,76.3,80.8,2.63,0.0,0.0,0.0,0.0,0.0,0.0,0.0,0.0,0.0,0.0,1.0,0.0,0.0,1.0,0.0,0.0
13690.34,94.9,15.7,59.211761474609375,53.429317474365234,78.7,4.61,0.0,0.0,0.0,0.0,0.0,1.0,0.0,0.0,0.0,0.0,0.0,1.0,0.0,0.0,0.0,0.0
19483.87,78.09054565429688,13.7,74.2,47.7,93.6,3.98,0.0,0.0,0.0,0.0,0.0,0.0,1.0,0.0,0.0,0.0,1.0,0.0,0.0,0.0,0.0,1.0
22814.68,56.6,16.428972244262695,32.0,79.7,88.7,10.94,1.0,0.0,0.0,0.0,0.0,0.0,0.0,0.0,0.0,0.0,0.0,0.0,1.0,1.0,0.0,0.0
22322.2,65.6,29.8,48.5,40.1,72.1,1.19,0.0,0.0,0.0,0.0,0.0,0.0,0.0,1.0,0.0,0.0,0.0,1.0,0.0,0.0,0.0,0.0
19992.39,57.914031982421875,16.4,47.832149505615234,35.560855865478516,50.9,10.92,0.0,0.0,0.0,0.0,0.0,0.0,0.0,1.0,0.0,0.0,1.0,0.0,0.0,0.0,1.0,0.0
16047.92,40.4,25.1,92.9,31.6,78.0,5.33,0.0,0.0,0.0,0.0,0.0,0.0,1.0,0.0,0.0,0.0,0.0,0.0,1.0,1.0,0.0,0.0
9267.77,58.7,15.7,16.3,55.9,91.4,6.36,0.0,0.0,0.0,0.0,0.0,0.0,1.0,0.0,0.0,0.0,0.0,1.0,0.0,0.0,1.0,0.0
11147.97,48.9,28.2,22.2,47.9,96.7,13.84,0.0,0.0,0.0,0.0,0.0,0.0,0.0,1.0,0.0,0.0,0.0,0.0,1.0,0.0,0.0,1.0
12504.64,69.94987487792969,29.1,55.6,18.0,94.3,12.98,0.0,0.0,0.0,0.0,0.0,0.0,1.0,0.0,0.0,0.0,0.0,1.0,0.0,0.0,1.0,0.0
16298.02,75.9,26.3,61.4,60.0,56.2,4.78,0.0,0.0,0.0,0.0,0.0,0.0,1.0,0.0,0.0,0.0,0.0,0.0,1.0,0.0,0.0,0.0
7815.52,69.70148468017578,15.6,65.5,46.9,96.9,4.38,0.0,0.0,0.0,0.0,0.0,0.0,0.0,0.0,1.0,0.0,0.0,0.0,1.0,1.0,0.0,0.0
21368.94,53.8,11.2,75.7,63.4,82.2,5.15,0.0,0.0,0.0,0.0,0.0,0.0,0.0,0.0,1.0,0.0,0.0,0.0,1.0,0.0,1.0,0.0
15079.8720703125,58.6,18.0,43.3,76.8,92.2,5.42,0.0,0.0,0.0,0.0,0.0,0.0,0.0,0.0,0.0,0.0,1.0,0.0,0.0,0.0,0.0,1.0
18027.26,96.7,24.9,78.6,30.6,91.8,11.45,1.0,0.0,0.0,0.0,0.0,0.0,0.0,0.0,0.0,0.0,0.0,1.0,0.0,0.0,1.0,0.0
22130.92,70.5,25.6,32.1,13.9,50.7,3.27,0.0,0.0,1.0,0.0,0.0,0.0,0.0,0.0,0.0,0.0,0.0,0.0,1.0,1.0,0.0,0.0
13328.58,49.0,10.3,18.3,46.3,74.92323303222656,8.06,0.0,0.0,0.0,0.0,0.0,0.0,0.0,0.0,0.0,0.0,1.0,0.0,0.0,0.0,0.0,0.0
21663.2,88.5,19.7,46.08046340942383,20.7,67.8,5.35,0.0,0.0,0.0,0.0,1.0,0.0,0.0,0.0,0.0,0.0,0.0,1.0,0.0,0.0,0.0,1.0
20925.91,89.1,13.5,87.2,54.9,69.3,3.83,1.0,0.0,0.0,0.0,0.0,0.0,0.0,0.0,0.0,0.0,1.0,0.0,0.0,1.0,0.0,0.0
9745.76,77.4,10.7,74.7,44.4,56.7,1.33,0.0,0.0,0.0,0.0,0.0,0.0,0.0,1.0,0.0,0.0,0.0,1.0,0.0,0.0,0.0,1.0
6395.51,72.3,17.27845001220703,85.8,22.4,72.14114379882812,10.58,1.0,0.0,0.0,0.0,0.0,0.0,0.0,0.0,0.0,0.0,1.0,0.0,0.0,0.0,0.0,1.0
13059.74,78.2,14.8,80.5,44.7,93.2,9.95,0.0,0.0,0.0,1.0,0.0,0.0,0.0,0.0,0.0,0.0,0.0,0.0,1.0,0.0,0.0,0.0
14253.69,75.6,17.5,78.5,65.8,58.3,2.29,0.0,0.0,0.0,0.0,1.0,0.0,0.0,0.0,0.0,0.0,0.0,1.0,0.0,0.0,0.0,1.0
15304.36,80.4,28.3,58.051429748535156,36.1,88.6,4.77,1.0,0.0,0.0,0.0,0.0,0.0,0.0,0.0,0.0,0.0,0.0,1.0,0.0,0.0,0.0,1.0
19150.04,95.9,14.4,35.2,10.9,57.7,10.99,0.0,0.0,0.0,0.0,0.0,0.0,1.0,0.0,0.0,0.0,0.0,0.0,1.0,0.0,0.0,1.0
21005.39,92.4,17.095169067382812,83.8,40.2,77.2,2.25,0.0,0.0,1.0,0.0,0.0,0.0,0.0,0.0,0.0,0.0,1.0,0.0,0.0,1.0,0.0,0.0
9729.22,96.8,27.0,34.9,60.7,58.4,10.91,0.0,0.0,0.0,0.0,0.0,0.0,0.0,0.0,0.0,1.0,1.0,0.0,0.0,0.0,1.0,0.0
6321.66,69.23385620117188,11.1,66.3,19.3,77.2,5.63,0.0,0.0,0.0,0.0,1.0,0.0,0.0,0.0,0.0,0.0,0.0,0.0,1.0,0.0,0.0,1.0
18816.21,89.0,16.2,46.4,29.3,75.76532745361328,13.27,1.0,0.0,0.0,0.0,0.0,0.0,0.0,0.0,0.0,0.0,1.0,0.0,0.0,1.0,0.0,0.0
14428.31640625,40.4,19.90801429748535,73.5,46.2,64.5,11.5,0.0,0.0,0.0,0.0,0.0,0.0,0.0,1.0,0.0,0.0,1.0,0.0,0.0,1.0,0.0,0.0
15320.99,70.7606201171875,12.9,51.11578369140625,80.1,63.5,10.7,0.0,0.0,0.0,0.0,0.0,0.0,1.0,0.0,0.0,0.0,1.0,0.0,0.0,0.0,0.0,0.0
8365.77,86.4,21.8,29.4,14.5,99.6,0.96,0.0,0.0,0.0,0.0,0.0,0.0,1.0,0.0,0.0,0.0,0.0,1.0,0.0,0.0,0.0,0.0
14936.28,43.9,18.6,80.6,75.6,68.3,13.45,0.0,0.0,0.0,0.0,0.0,0.0,0.0,0.0,0.0,1.0,0.0,1.0,0.0,0.0,0.0,0.0
16668.52,62.9,21.4,74.3,58.2,87.5,13.83,0.0,0.0,0.0,1.0,0.0,0.0,0.0,0.0,0.0,0.0,1.0,0.0,0.0,0.0,1.0,0.0
17026.8,86.1,19.193546295166016,90.7,7.4,72.6,0.62,0.0,0.0,0.0,0.0,0.0,0.0,1.0,0.0,0.0,0.0,0.0,0.0,1.0,1.0,0.0,0.0
5526.79,72.2,15.3,50.65534973144531,36.9,67.1,11.95,0.0,0.0,0.0,1.0,0.0,0.0,0.0,0.0,0.0,0.0,0.0,1.0,0.0,0.0,0.0,1.0
22980.07,58.4,19.1,80.9,53.8,96.3,3.37,0.0,0.0,0.0,0.0,0.0,1.0,0.0,0.0,0.0,0.0,1.0,0.0,0.0,0.0,0.0,1.0
7556.05,64.5,20.4,76.7,44.62086486816406,78.1,3.01,0.0,0.0,0.0,0.0,0.0,0.0,0.0,1.0,0.0,0.0,1.0,0.0,0.0,1.0,0.0,0.0
21735.99,52.5,27.5,59.4110221862793,90.1,96.1,0.78,1.0,0.0,0.0,0.0,0.0,0.0,0.0,0.0,0.0,0.0,0.0,0.0,1.0,1.0,0.0,0.0
12239.4189453125,69.0,24.3,29.1,85.4,70.37516784667969,9.58,0.0,0.0,0.0,0.0,0.0,0.0,0.0,0.0,0.0,1.0,0.0,0.0,1.0,0.0,1.0,0.0
20641.58,66.8,27.6,89.4,16.2,51.9,10.68,0.0,0.0,0.0,0.0,0.0,0.0,0.0,0.0,1.0,0.0,1.0,0.0,0.0,0.0,0.0,1.0
14245.78,62.1,21.6,78.9,48.09800338745117,68.7,4.15,0.0,0.0,1.0,0.0,0.0,0.0,0.0,0.0,0.0,0.0,0.0,0.0,1.0,1.0,0.0,0.0
13857.673828125,57.5,26.5,94.2,67.2,89.4,2.44,0.0,0.0,1.0,0.0,0.0,0.0,0.0,0.0,0.0,0.0,0.0,0.0,1.0,1.0,0.0,0.0
15299.65,67.55104064941406,21.73577308654785,72.7,11.2,66.1,10.59,0.0,0.0,0.0,0.0,0.0,0.0,1.0,0.0,0.0,0.0,0.0,0.0,1.0,1.0,0.0,0.0
24000.27,57.3,28.0,44.01264572143555,58.4,98.1,5.45,1.0,0.0,0.0,0.0,0.0,0.0,0.0,0.0,0.0,0.0,0.0,0.0,1.0,1.0,0.0,0.0
16918.75,74.8,22.97673988342285,22.8,42.0,99.5,10.38,1.0,0.0,0.0,0.0,0.0,0.0,0.0,0.0,0.0,0.0,0.0,1.0,0.0,0.0,1.0,0.0
16910.73,44.7,20.2,41.4,16.1,57.8,6.98,0.0,0.0,0.0,0.0,1.0,0.0,0.0,0.0,0.0,0.0,0.0,1.0,0.0,1.0,0.0,0.0
12761.5419921875,48.0,19.22427749633789,88.0,16.3,61.4,7.34,0.0,0.0,0.0,0.0,0.0,0.0,0.0,0.0,0.0,1.0,0.0,1.0,0.0,1.0,0.0,0.0
15474.18,68.6,13.4,61.7,53.5,56.3,13.4,1.0,0.0,0.0,0.0,0.0,0.0,0.0,0.0,0.0,0.0,0.0,0.0,1.0,0.0,0.0,1.0
10149.31,93.9,15.0,18.7,65.5,61.0,14.96,1.0,0.0,0.0,0.0,0.0,0.0,0.0,0.0,0.0,0.0,1.0,0.0,0.0,0.0,1.0,0.0
12569.89,66.86582946777344,17.6,36.7,86.5,93.0,7.63,0.0,1.0,0.0,0.0,0.0,0.0,0.0,0.0,0.0,0.0,1.0,0.0,0.0,0.0,1.0,0.0
13169.93,44.2,17.4,80.9,50.0,76.6,9.27,0.0,0.0,1.0,0.0,0.0,0.0,0.0,0.0,0.0,0.0,0.0,1.0,0.0,0.0,0.0,1.0
18941.6,51.5,25.1,53.1,42.0,68.2,12.47,0.0,0.0,0.0,0.0,0.0,0.0,0.0,1.0,0.0,0.0,0.0,1.0,0.0,1.0,0.0,0.0
20166.99,80.3,27.0,52.8,27.9,73.58030700683594,10.79,0.0,0.0,0.0,1.0,0.0,0.0,0.0,0.0,0.0,0.0,0.0,1.0,0.0,1.0,0.0,0.0
24864.7,62.4,14.4,51.418766021728516,65.7,56.5,2.69,0.0,0.0,0.0,0.0,0.0,0.0,0.0,0.0,0.0,1.0,0.0,0.0,1.0,1.0,0.0,0.0
10909.43,42.0,21.9,24.7,51.312965393066406,95.9,7.4,0.0,0.0,0.0,0.0,1.0,0.0,0.0,0.0,0.0,0.0,0.0,0.0,1.0,0.0,0.0,0.0
11229.61328125,61.6,13.7,75.8,18.3,68.7,7.8,0.0,0.0,0.0,0.0,0.0,0.0,0.0,0.0,0.0,1.0,0.0,1.0,0.0,0.0,0.0,0.0
12536.09,61.4,12.4,91.1,40.3,64.1,1.51,0.0,0.0,0.0,0.0,0.0,0.0,0.0,1.0,0.0,0.0,0.0,1.0,0.0,0.0,1.0,0.0
18587.73,74.5,27.9,16.1,46.27007293701172,72.9,1.85,0.0,0.0,0.0,0.0,0.0,0.0,1.0,0.0,0.0,0.0,0.0,0.0,1.0,0.0,0.0,0.0
13166.72,47.8,19.303321838378906,56.6181526184082,6.5,50.9,5.98,0.0,1.0,0.0,0.0,0.0,0.0,0.0,0.0,0.0,0.0,1.0,0.0,0.0,0.0,1.0,0.0
7487.38,86.9,19.8,11.0,67.3,50.7,13.7,0.0,0.0,0.0,1.0,0.0,0.0,0.0,0.0,0.0,0.0,0.0,1.0,0.0,0.0,0.0,0.0
11139.07,64.2,19.6,66.3,15.1,72.4,0.61,0.0,0.0,0.0,0.0,0.0,0.0,0.0,1.0,0.0,0.0,0.0,0.0,1.0,1.0,0.0,0.0
19374.92,89.5,18.483320236206055,82.5,30.7,65.3,1.03,0.0,0.0,1.0,0.0,0.0,0.0,0.0,0.0,0.0,0.0,1.0,0.0,0.0,0.0,1.0,0.0
15301.67,74.2,14.3,24.2,45.5,63.5,1.22,0.0,0.0,0.0,0.0,0.0,0.0,0.0,0.0,0.0,0.0,0.0,1.0,0.0,0.0,0.0,1.0
13427.71,79.6,26.4,63.6,16.8,77.03018188476562,7.65,0.0,0.0,0.0,0.0,0.0,0.0,0.0,0.0,0.0,0.0,0.0,0.0,1.0,1.0,0.0,0.0
24394.93,63.82344055175781,19.0,41.96879196166992,80.1,75.6912612915039,12.1,0.0,0.0,0.0,0.0,0.0,0.0,0.0,0.0,0.0,1.0,0.0,1.0,0.0,0.0,1.0,0.0
21222.37,42.3,15.2,11.7,28.7,84.1,8.72,0.0,0.0,0.0,0.0,0.0,0.0,0.0,0.0,0.0,1.0,0.0,1.0,0.0,0.0,1.0,0.0
10043.98,47.0,19.536550521850586,91.4,23.7,66.56282806396484,2.17,0.0,0.0,1.0,0.0,0.0,0.0,0.0,0.0,0.0,0.0,0.0,1.0,0.0,0.0,1.0,0.0
5311.0,53.5,27.6,41.374183654785156,46.2,63.0,14.93,0.0,0.0,0.0,0.0,0.0,0.0,0.0,1.0,0.0,0.0,0.0,1.0,0.0,0.0,0.0,0.0
23073.35,71.8,23.9,19.9,46.8,99.2,6.91,1.0,0.0,0.0,0.0,0.0,0.0,0.0,0.0,0.0,0.0,0.0,1.0,0.0,1.0,0.0,0.0
8014.98,60.0,18.672212600708008,76.8,41.9,65.5,0.64,0.0,0.0,0.0,0.0,0.0,1.0,0.0,0.0,0.0,0.0,0.0,1.0,0.0,0.0,0.0,1.0
20194.4,67.6,17.0,54.4,59.2,68.7,3.58,0.0,0.0,0.0,0.0,0.0,0.0,0.0,1.0,0.0,0.0,0.0,0.0,1.0,1.0,0.0,0.0
11062.64,61.2,25.5,85.8,92.8,69.79085540771484,12.72,0.0,0.0,0.0,0.0,0.0,0.0,0.0,0.0,1.0,0.0,0.0,1.0,0.0,1.0,0.0,0.0
16044.7587890625,90.8,23.1,39.9,18.9,74.72116088867188,13.49,1.0,0.0,0.0,0.0,0.0,0.0,0.0,0.0,0.0,0.0,0.0,0.0,1.0,0.0,0.0,0.0
13401.04,49.6,24.8,54.2,30.7,65.2,2.1,0.0,0.0,0.0,0.0,0.0,0.0,0.0,0.0,0.0,0.0,0.0,1.0,0.0,0.0,0.0,1.0
9632.48,99.8,21.7,17.5,26.6,73.6,9.51,0.0,0.0,0.0,0.0,0.0,0.0,0.0,1.0,0.0,0.0,0.0,0.0,1.0,0.0,1.0,0.0
13260.81,91.3,13.9,86.7,83.1,54.5,6.11,0.0,0.0,0.0,0.0,0.0,0.0,1.0,0.0,0.0,0.0,0.0,1.0,0.0,1.0,0.0,0.0
8044.86,63.7,15.3,51.40394973754883,52.6,73.7264404296875,12.37,0.0,0.0,0.0,0.0,0.0,0.0,0.0,0.0,0.0,1.0,1.0,0.0,0.0,0.0,0.0,1.0
16365.49,41.2,20.9,92.1,17.8,85.3,6.06,0.0,0.0,0.0,0.0,0.0,0.0,0.0,1.0,0.0,0.0,0.0,1.0,0.0,0.0,0.0,1.0
6458.54,60.0,18.1,86.2,79.2,64.9,3.98,1.0,0.0,0.0,0.0,0.0,0.0,0.0,0.0,0.0,0.0,1.0,0.0,0.0,0.0,1.0,0.0
9241.06,81.9,17.9,71.5,86.0,70.9,14.95,0.0,0.0,0.0,1.0,0.0,0.0,0.0,0.0,0.0,0.0,1.0,0.0,0.0,0.0,0.0,1.0
12509.36,59.2,26.8,18.8,58.8,50.5,4.81,1.0,0.0,0.0,0.0,0.0,0.0,0.0,0.0,0.0,0.0,1.0,0.0,0.0,0.0,0.0,1.0
21529.9,52.2,12.5,91.6,24.7,96.6,5.71,0.0,0.0,0.0,0.0,0.0,0.0,0.0,0.0,0.0,1.0,1.0,0.0,0.0,0.0,1.0,0.0
23776.86,53.7,20.4,52.355255126953125,11.0,55.3,11.02,0.0,0.0,0.0,0.0,0.0,0.0,1.0,0.0,0.0,0.0,0.0,0.0,1.0,0.0,1.0,0.0
8214.13,64.6,12.0,37.3,82.0,78.8,7.74,0.0,0.0,0.0,0.0,0.0,0.0,1.0,0.0,0.0,0.0,1.0,0.0,0.0,0.0,0.0,1.0
17356.53,82.1,11.6,53.972129821777344,56.6,54.9,5.05,0.0,0.0,0.0,0.0,0.0,0.0,0.0,1.0,0.0,0.0,0.0,1.0,0.0,1.0,0.0,0.0
10382.46,55.9,28.8,32.8,82.2,96.4,10.14,0.0,0.0,1.0,0.0,0.0,0.0,0.0,0.0,0.0,0.0,1.0,0.0,0.0,0.0,1.0,0.0
23370.98,85.6,16.2,64.3,90.5,67.32173156738281,3.74,0.0,0.0,0.0,0.0,0.0,1.0,0.0,0.0,0.0,0.0,0.0,1.0,0.0,1.0,0.0,0.0
23787.56,47.5,18.4,40.8,94.8,77.9,9.86,0.0,0.0,0.0,0.0,0.0,0.0,0.0,0.0,0.0,0.0,1.0,0.0,0.0,1.0,0.0,0.0
23419.35,52.3,19.0,37.0,52.46926498413086,56.6,2.69,0.0,0.0,0.0,0.0,1.0,0.0,0.0,0.0,0.0,0.0,0.0,1.0,0.0,0.0,0.0,1.0
10802.16,52.3,28.4,51.223388671875,60.82155990600586,65.4,6.37,0.0,0.0,0.0,0.0,0.0,0.0,1.0,0.0,0.0,0.0,0.0,1.0,0.0,0.0,0.0,1.0
23950.2,60.34379577636719,11.2,27.4,80.8,89.0,4.97,0.0,0.0,0.0,0.0,0.0,0.0,1.0,0.0,0.0,0.0,0.0,0.0,1.0,0.0,0.0,1.0
19522.7,61.189697265625,19.8640193939209,91.1,12.1,73.1,3.76,0.0,0.0,0.0,0.0,0.0,0.0,0.0,0.0,1.0,0.0,0.0,1.0,0.0,0.0,0.0,0.0
9716.5,46.7,17.1,55.23038101196289,24.0,69.1834716796875,14.28,0.0,0.0,0.0,0.0,0.0,0.0,0.0,0.0,0.0,1.0,0.0,1.0,0.0,0.0,1.0,0.0
6635.26,63.8,11.1,72.2,28.6,97.1,8.77,0.0,0.0,0.0,0.0,0.0,0.0,0.0,1.0,0.0,0.0,0.0,0.0,1.0,0.0,0.0,1.0
9145.94,86.6,21.4,85.4,74.3,81.2,6.86,1.0,0.0,0.0,0.0,0.0,0.0,0.0,0.0,0.0,0.0,0.0,1.0,0.0,0.0,1.0,0.0
20259.76,92.9,13.1,75.3,89.9,73.96721649169922,7.55,0.0,0.0,0.0,0.0,0.0,0.0,0.0,0.0,0.0,1.0,0.0,1.0,0.0,1.0,0.0,0.0
12785.11,78.5,12.9,74.1,52.6001091003418,76.6,1.3,0.0,0.0,0.0,0.0,0.0,1.0,0.0,0.0,0.0,0.0,0.0,0.0,1.0,0.0,0.0,0.0
18513.04,42.7,24.2,19.4,64.2,76.63227844238281,7.68,0.0,0.0,0.0,0.0,0.0,0.0,0.0,0.0,1.0,0.0,1.0,0.0,0.0,0.0,0.0,1.0
14380.033203125,99.9,10.0,87.7,25.6,73.9718017578125,11.4,0.0,0.0,0.0,0.0,0.0,0.0,0.0,0.0,0.0,0.0,0.0,0.0,1.0,0.0,0.0,1.0
10738.6015625,58.2,27.0,66.1,72.9,77.0,7.66,0.0,0.0,0.0,0.0,0.0,0.0,0.0,0.0,0.0,1.0,1.0,0.0,0.0,0.0,0.0,1.0
24744.42,65.7,17.6,55.318267822265625,26.5,66.7,8.82,0.0,0.0,0.0,0.0,0.0,0.0,1.0,0.0,0.0,0.0,1.0,0.0,0.0,1.0,0.0,0.0
18328.9,55.2,15.1,87.6,50.9,89.2,1.89,0.0,0.0,1.0,0.0,0.0,0.0,0.0,0.0,0.0,0.0,1.0,0.0,0.0,0.0,0.0,0.0
18735.52,80.8,15.9,83.1,36.0,67.1,7.7,0.0,0.0,0.0,0.0,0.0,0.0,1.0,0.0,0.0,0.0,0.0,1.0,0.0,0.0,0.0,1.0
13648.0908203125,59.4,25.7,45.1,59.9,81.1,9.84,0.0,0.0,0.0,0.0,0.0,0.0,0.0,0.0,0.0,0.0,1.0,0.0,0.0,0.0,0.0,1.0
12110.56,71.5285873413086,20.0,51.4075813293457,34.0,90.0,9.08,0.0,0.0,0.0,0.0,0.0,0.0,1.0,0.0,0.0,0.0,1.0,0.0,0.0,0.0,1.0,0.0
17092.9,82.2,14.3,53.06893539428711,5.1,80.9,8.27,0.0,0.0,0.0,0.0,0.0,0.0,0.0,1.0,0.0,0.0,0.0,1.0,0.0,0.0,1.0,0.0
8801.29,92.6,23.3,61.5,58.57320022583008,70.1,5.37,0.0,0.0,0.0,0.0,0.0,0.0,1.0,0.0,0.0,0.0,0.0,1.0,0.0,0.0,0.0,1.0
14138.7080078125,81.4,27.3,72.7,77.7,70.0,11.72,0.0,0.0,0.0,1.0,0.0,0.0,0.0,0.0,0.0,0.0,0.0,0.0,1.0,0.0,1.0,0.0
5928.37,96.8,18.456417083740234,87.3,22.8,88.9,9.67,1.0,0.0,0.0,0.0,0.0,0.0,0.0,0.0,0.0,0.0,0.0,1.0,0.0,0.0,1.0,0.0
10539.69,44.7,27.2,14.6,44.0,57.5,0.66,0.0,0.0,0.0,0.0,0.0,0.0,0.0,1.0,0.0,0.0,0.0,0.0,1.0,0.0,0.0,1.0
16007.2626953125,69.11310577392578,21.117210388183594,24.8,49.1,89.3,3.11,0.0,0.0,1.0,0.0,0.0,0.0,0.0,0.0,0.0,0.0,0.0,0.0,1.0,0.0,1.0,0.0
16344.78,41.5,14.0,87.3,74.8,57.4,8.4,0.0,0.0,0.0,0.0,1.0,0.0,0.0,0.0,0.0,0.0,0.0,0.0,1.0,0.0,0.0,0.0
9859.65,84.5,13.0,22.7,52.5,77.2,0.68,0.0,0.0,0.0,0.0,0.0,0.0,0.0,0.0,0.0,1.0,1.0,0.0,0.0,0.0,0.0,1.0
16062.64,75.8,25.4,52.11076354980469,23.1,92.2,4.9,0.0,0.0,1.0,0.0,0.0,0.0,0.0,0.0,0.0,0.0,1.0,0.0,0.0,0.0,1.0,0.0
8665.12,85.3,23.8,90.7,92.7,61.1,4.24,0.0,0.0,0.0,0.0,0.0,0.0,1.0,0.0,0.0,0.0,0.0,0.0,1.0,0.0,0.0,0.0
19901.98,91.2,19.5,83.1,36.1,97.0,9.24,0.0,0.0,0.0,0.0,0.0,0.0,0.0,0.0,1.0,0.0,0.0,1.0,0.0,0.0,1.0,0.0
16969.88,45.2,21.9,90.1,34.8,61.6,11.34,0.0,0.0,0.0,0.0,0.0,0.0,0.0,0.0,1.0,0.0,0.0,0.0,1.0,0.0,0.0,1.0
24922.85,58.4,29.1,45.3,24.2,100.0,14.51,0.0,0.0,0.0,0.0,0.0,0.0,0.0,0.0,0.0,0.0,1.0,0.0,0.0,1.0,0.0,0.0
17933.4,99.8,29.1,87.5,84.7,82.22756958007812,6.74,0.0,0.0,0.0,0.0,0.0,0.0,0.0,0.0,1.0,0.0,0.0,1.0,0.0,0.0,1.0,0.0
6879.91,61.7,19.3,85.1,13.1,95.4,14.18,0.0,0.0,0.0,0.0,0.0,0.0,0.0,0.0,0.0,1.0,1.0,0.0,0.0,0.0,0.0,1.0
12704.4423828125,80.3,10.1,58.1,32.2,80.02082061767578,7.0,0.0,0.0,0.0,0.0,0.0,0.0,0.0,0.0,0.0,0.0,0.0,0.0,1.0,1.0,0.0,0.0
9948.5,83.6,25.2,31.0,42.0,74.7,11.97,0.0,0.0,0.0,0.0,0.0,0.0,0.0,0.0,0.0,1.0,1.0,0.0,0.0,0.0,0.0,1.0
11150.33,74.37765502929688,23.3,21.4,65.6,75.3,5.95,0.0,1.0,0.0,0.0,0.0,0.0,0.0,0.0,0.0,0.0,1.0,0.0,0.0,0.0,0.0,1.0
14311.95,51.4,17.5684757232666,16.1,66.3,77.8,13.09,0.0,1.0,0.0,0.0,0.0,0.0,0.0,0.0,0.0,0.0,0.0,1.0,0.0,0.0,0.0,1.0
21193.26,71.1,25.5,91.0,88.2,71.17235565185547,6.16,0.0,0.0,0.0,0.0,0.0,0.0,0.0,0.0,1.0,0.0,0.0,1.0,0.0,0.0,0.0,1.0
7665.8,49.5,26.6,88.7,67.3,73.04338836669922,8.84,0.0,1.0,0.0,0.0,0.0,0.0,0.0,0.0,0.0,0.0,1.0,0.0,0.0,0.0,0.0,1.0
16733.1,60.584205627441406,24.2,93.5,40.1,79.9,8.67,0.0,0.0,0.0,0.0,0.0,0.0,0.0,0.0,0.0,0.0,1.0,0.0,0.0,0.0,0.0,1.0
18401.05,79.2,18.5,46.9,41.9,86.5,0.5,0.0,1.0,0.0,0.0,0.0,0.0,0.0,0.0,0.0,0.0,1.0,0.0,0.0,1.0,0.0,0.0
21767.23,79.3,19.3697509765625,61.8,7.3,73.17139434814453,9.68,0.0,0.0,0.0,0.0,0.0,0.0,0.0,0.0,0.0,1.0,0.0,0.0,1.0,1.0,0.0,0.0
19492.29,92.2,25.9,68.5,5.1,51.2,10.49,0.0,0.0,0.0,0.0,0.0,1.0,0.0,0.0,0.0,0.0,1.0,0.0,0.0,1.0,0.0,0.0
15566.91796875,86.4,17.078067779541016,76.4,39.2,50.4,2.31,0.0,0.0,1.0,0.0,0.0,0.0,0.0,0.0,0.0,0.0,0.0,0.0,1.0,0.0,0.0,1.0
9904.18,47.3,19.1,81.0,66.2,67.2,2.54,0.0,0.0,0.0,1.0,0.0,0.0,0.0,0.0,0.0,0.0,0.0,1.0,0.0,0.0,1.0,0.0
14938.49,88.8,28.7,90.7,60.1,89.3,10.88,0.0,0.0,0.0,1.0,0.0,0.0,0.0,0.0,0.0,0.0,0.0,1.0,0.0,1.0,0.0,0.0
18537.68,59.3,10.6,67.6,89.8,91.8,3.52,0.0,1.0,0.0,0.0,0.0,0.0,0.0,0.0,0.0,0.0,0.0,1.0,0.0,0.0,0.0,1.0
17460.02,68.7,12.3,70.6,70.3,70.7,11.03,0.0,0.0,0.0,0.0,0.0,0.0,0.0,1.0,0.0,0.0,0.0,0.0,1.0,0.0,0.0,1.0
14084.19,92.0,23.6,50.84048843383789,64.2,60.4,13.87,0.0,0.0,0.0,0.0,0.0,1.0,0.0,0.0,0.0,0.0,0.0,1.0,0.0,0.0,1.0,0.0
23348.72,93.1,28.9,19.3,19.9,97.1,1.26,0.0,0.0,0.0,0.0,0.0,0.0,0.0,1.0,0.0,0.0,1.0,0.0,0.0,0.0,0.0,0.0
12866.359375,61.4,14.9,87.3,13.9,90.4,12.47,0.0,0.0,0.0,0.0,1.0,0.0,0.0,0.0,0.0,0.0,0.0,1.0,0.0,1.0,0.0,0.0
21671.06,49.8,16.6,13.1,18.0,75.1,6.08,0.0,0.0,0.0,0.0,0.0,0.0,0.0,0.0,1.0,0.0,0.0,1.0,0.0,0.0,0.0,1.0
8029.51,54.6,20.414783477783203,51.6,21.5,88.5,3.56,1.0,0.0,0.0,0.0,0.0,0.0,0.0,0.0,0.0,0.0,0.0,1.0,0.0,0.0,1.0,0.0
6485.08,74.7,18.9,79.2,23.4,69.5,1.12,0.0,0.0,0.0,0.0,0.0,0.0,0.0,0.0,0.0,1.0,0.0,1.0,0.0,0.0,0.0,1.0
5675.25,95.0,17.3,61.7,50.6,84.7,13.7,0.0,0.0,0.0,0.0,0.0,0.0,0.0,0.0,0.0,0.0,0.0,0.0,1.0,0.0,0.0,1.0
9576.73,73.9,29.5,64.2,94.7,67.8,8.55,0.0,0.0,0.0,0.0,0.0,0.0,0.0,0.0,0.0,1.0,1.0,0.0,0.0,1.0,0.0,0.0
18634.95,76.5,11.4,60.84305953979492,75.9,72.5954818725586,1.48,0.0,0.0,0.0,0.0,0.0,0.0,0.0,0.0,0.0,1.0,1.0,0.0,0.0,0.0,1.0,0.0
12748.31,91.4,22.6,10.5,8.7,62.1,4.35,0.0,0.0,0.0,0.0,0.0,1.0,0.0,0.0,0.0,0.0,0.0,0.0,1.0,0.0,0.0,0.0
10266.69,56.3,10.1,74.3,51.2,96.1,5.68,0.0,0.0,0.0,0.0,0.0,0.0,0.0,0.0,0.0,0.0,1.0,0.0,0.0,1.0,0.0,0.0
22758.08,85.7,12.0,67.3,85.3,61.2,11.85,0.0,0.0,0.0,0.0,0.0,0.0,0.0,0.0,0.0,0.0,0.0,1.0,0.0,0.0,0.0,1.0
6672.14,78.6,21.0,11.2,77.9,74.21575164794922,9.57,0.0,1.0,0.0,0.0,0.0,0.0,0.0,0.0,0.0,0.0,0.0,0.0,1.0,0.0,1.0,0.0
23317.95,46.0,19.8,90.4,50.36206817626953,97.9,0.7,0.0,0.0,1.0,0.0,0.0,0.0,0.0,0.0,0.0,0.0,0.0,0.0,1.0,1.0,0.0,0.0
6149.18,64.5,18.9,54.0,35.0,57.7,12.66,0.0,0.0,0.0,0.0,0.0,0.0,0.0,0.0,0.0,0.0,0.0,0.0,1.0,0.0,1.0,0.0
16003.49,58.0,27.3,66.6,83.7,76.67228698730469,12.62,0.0,0.0,0.0,0.0,0.0,0.0,0.0,0.0,0.0,0.0,0.0,1.0,0.0,0.0,0.0,1.0
21123.49,54.7,20.5,31.9,57.9,54.2,8.67,0.0,0.0,0.0,0.0,0.0,0.0,0.0,1.0,0.0,0.0,1.0,0.0,0.0,1.0,0.0,0.0
23066.08,92.0,21.1,51.569923400878906,52.0,73.3,7.98,0.0,0.0,1.0,0.0,0.0,0.0,0.0,0.0,0.0,0.0,0.0,1.0,0.0,1.0,0.0,0.0
8040.55,69.5,28.1,63.2,93.2,97.0,8.15,0.0,0.0,0.0,0.0,0.0,0.0,0.0,0.0,0.0,1.0,0.0,1.0,0.0,0.0,0.0,1.0
13801.9638671875,81.9,19.724884033203125,62.9,67.6,50.8,2.8,1.0,0.0,0.0,0.0,0.0,0.0,0.0,0.0,0.0,0.0,1.0,0.0,0.0,0.0,1.0,0.0
18853.83,77.36848449707031,25.8,30.3,32.2,85.4,5.19,0.0,0.0,0.0,0.0,0.0,0.0,0.0,1.0,0.0,0.0,0.0,1.0,0.0,0.0,0.0,1.0
8897.71,66.8,29.8,77.3,34.9,71.9,10.57,0.0,0.0,0.0,0.0,0.0,0.0,0.0,0.0,1.0,0.0,1.0,0.0,0.0,1.0,0.0,0.0
8588.45,43.4,29.6,48.0,56.9,77.4,3.49,0.0,0.0,0.0,0.0,1.0,0.0,0.0,0.0,0.0,0.0,0.0,1.0,0.0,0.0,1.0,0.0
17070.06,71.8,15.6,17.7,78.8,75.9,4.94,0.0,0.0,0.0,0.0,1.0,0.0,0.0,0.0,0.0,0.0,1.0,0.0,0.0,1.0,0.0,0.0
8507.94,96.2,21.1,88.9,49.435237884521484,71.8,1.77,0.0,0.0,0.0,0.0,0.0,1.0,0.0,0.0,0.0,0.0,0.0,1.0,0.0,0.0,0.0,1.0
24739.15,71.8,15.3,87.0,72.6,83.3,2.53,0.0,0.0,1.0,0.0,0.0,0.0,0.0,0.0,0.0,0.0,1.0,0.0,0.0,0.0,0.0,0.0
24763.37,49.9,16.405147552490234,82.2,29.7,55.2,1.6,0.0,0.0,0.0,0.0,0.0,0.0,1.0,0.0,0.0,0.0,0.0,1.0,0.0,0.0,0.0,1.0
6181.26,57.5,20.6,43.3,46.9,100.0,4.05,0.0,0.0,0.0,1.0,0.0,0.0,0.0,0.0,0.0,0.0,0.0,1.0,0.0,0.0,0.0,1.0
14008.17,49.3,12.2,50.5,90.7,87.2,8.62,0.0,0.0,0.0,0.0,0.0,0.0,0.0,1.0,0.0,0.0,0.0,1.0,0.0,0.0,0.0,0.0
15596.42,90.4,15.1,83.5,25.5,81.4,10.85,0.0,0.0,0.0,0.0,0.0,1.0,0.0,0.0,0.0,0.0,1.0,0.0,0.0,0.0,1.0,0.0
21072.23,95.7,16.3,52.9,88.5,76.0,8.53,0.0,0.0,0.0,1.0,0.0,0.0,0.0,0.0,0.0,0.0,0.0,1.0,0.0,0.0,0.0,1.0
7741.87,79.2,19.177194595336914,55.684627532958984,29.6,73.08829498291016,12.03,0.0,0.0,1.0,0.0,0.0,0.0,0.0,0.0,0.0,0.0,0.0,1.0,0.0,1.0,0.0,0.0
11140.85,67.8,10.1,49.79115676879883,36.8,77.4375228881836,8.35,0.0,0.0,0.0,0.0,0.0,0.0,0.0,0.0,0.0,0.0,0.0,0.0,1.0,0.0,1.0,0.0
23783.56,53.5,24.3,55.4,48.58301544189453,62.2,9.04,0.0,0.0,0.0,0.0,0.0,1.0,0.0,0.0,0.0,0.0,0.0,0.0,1.0,0.0,1.0,0.0
18396.07,82.4,21.3,63.1,43.7,76.5,12.1,0.0,0.0,0.0,0.0,0.0,0.0,0.0,0.0,1.0,0.0,1.0,0.0,0.0,1.0,0.0,0.0
7090.83,97.8,19.524761199951172,79.1,73.7,63.9,14.81,0.0,0.0,0.0,0.0,0.0,0.0,0.0,1.0,0.0,0.0,0.0,0.0,1.0,0.0,0.0,1.0
11528.83,46.7,30.0,66.8,73.4,76.1,14.32,0.0,0.0,0.0,0.0,0.0,1.0,0.0,0.0,0.0,0.0,1.0,0.0,0.0,1.0,0.0,0.0
18980.84,92.9,16.44225311279297,31.9,7.7,73.19991302490234,5.53,0.0,0.0,0.0,0.0,0.0,0.0,1.0,0.0,0.0,0.0,0.0,1.0,0.0,0.0,0.0,1.0
7505.28,61.2,16.185035705566406,74.4,90.7,65.3,7.19,0.0,0.0,0.0,0.0,0.0,0.0,0.0,1.0,0.0,0.0,0.0,1.0,0.0,1.0,0.0,0.0
23980.01,47.8,20.2,67.6,35.62489318847656,61.9,1.43,0.0,0.0,0.0,0.0,0.0,0.0,1.0,0.0,0.0,0.0,0.0,1.0,0.0,0.0,1.0,0.0
17140.7,74.05762481689453,13.4,34.6,34.2,54.1,1.1,0.0,1.0,0.0,0.0,0.0,0.0,0.0,0.0,0.0,0.0,1.0,0.0,0.0,0.0,0.0,0.0
9020.39,68.60218048095703,14.0,37.6,58.41436767578125,70.30280303955078,1.95,0.0,0.0,1.0,0.0,0.0,0.0,0.0,0.0,0.0,0.0,1.0,0.0,0.0,1.0,0.0,0.0
7426.08,63.8,26.5,64.8,10.2,71.42977142333984,3.3,0.0,0.0,0.0,0.0,0.0,0.0,0.0,0.0,0.0,1.0,0.0,1.0,0.0,1.0,0.0,0.0
7314.17,47.2,13.9,52.4,55.0,66.3,14.15,0.0,0.0,0.0,0.0,0.0,0.0,0.0,0.0,0.0,1.0,1.0,0.0,0.0,1.0,0.0,0.0
11671.8,44.1,29.8,77.7,13.8,73.16278839111328,13.24,0.0,0.0,1.0,0.0,0.0,0.0,0.0,0.0,0.0,0.0,0.0,1.0,0.0,0.0,0.0,1.0
18872.89,67.7,28.9,30.5,40.32241439819336,58.8,1.17,0.0,1.0,0.0,0.0,0.0,0.0,0.0,0.0,0.0,0.0,0.0,0.0,1.0,0.0,1.0,0.0
22037.91,72.8941879272461,29.7,48.29765319824219,41.4,81.7,3.51,0.0,0.0,0.0,0.0,0.0,0.0,0.0,0.0,1.0,0.0,0.0,0.0,1.0,1.0,0.0,0.0
21107.26,78.8,19.7,86.5,68.0,87.3,8.68,0.0,0.0,0.0,0.0,0.0,0.0,0.0,0.0,0.0,1.0,0.0,0.0,1.0,0.0,1.0,0.0
16204.7578125,58.0,19.940279006958008,46.11393737792969,84.2,75.68893432617188,5.77,0.0,0.0,0.0,0.0,0.0,0.0,0.0,0.0,0.0,1.0,0.0,1.0,0.0,0.0,0.0,1.0
5028.53,75.3,26.1,11.9,63.4,64.2,13.34,0.0,0.0,0.0,0.0,0.0,0.0,0.0,0.0,0.0,0.0,1.0,0.0,0.0,0.0,0.0,0.0
13679.75,49.5,20.81775665283203,82.2,78.7,70.2,10.07,0.0,0.0,0.0,1.0,0.0,0.0,0.0,0.0,0.0,0.0,0.0,1.0,0.0,0.0,1.0,0.0
5883.7,90.1,23.7,10.2,68.3,94.4,13.19,0.0,0.0,0.0,1.0,0.0,0.0,0.0,0.0,0.0,0.0,0.0,1.0,0.0,0.0,0.0,1.0
16953.66,67.87477111816406,15.8,53.9,36.7,91.1,6.71,0.0,0.0,0.0,1.0,0.0,0.0,0.0,0.0,0.0,0.0,0.0,1.0,0.0,0.0,1.0,0.0
9315.84,85.5,19.8,22.7,52.2,52.6,6.27,0.0,1.0,0.0,0.0,0.0,0.0,0.0,0.0,0.0,0.0,0.0,0.0,1.0,0.0,1.0,0.0
7931.46,58.5,19.75943374633789,33.7,54.450958251953125,55.2,3.33,0.0,0.0,0.0,0.0,0.0,0.0,0.0,0.0,0.0,0.0,0.0,0.0,1.0,0.0,1.0,0.0
13179.125,69.7,27.5,28.7,21.1,79.1,8.1,0.0,0.0,0.0,0.0,0.0,0.0,0.0,0.0,0.0,1.0,1.0,0.0,0.0,0.0,1.0,0.0
13209.36328125,72.98965454101562,20.3,77.4,94.0,87.1,0.64,0.0,0.0,0.0,0.0,0.0,0.0,0.0,0.0,0.0,0.0,0.0,1.0,0.0,0.0,0.0,1.0
23023.41,94.6,18.1,50.9,52.5,79.8,3.49,0.0,0.0,0.0,0.0,0.0,0.0,0.0,0.0,0.0,0.0,0.0,0.0,1.0,0.0,0.0,1.0
10171.44,71.31085205078125,10.3,56.6677131652832,24.3,92.5,14.85,0.0,0.0,0.0,0.0,1.0,0.0,0.0,0.0,0.0,0.0,1.0,0.0,0.0,0.0,0.0,0.0
18018.42,41.6,10.1,26.5,11.2,92.9,13.91,0.0,0.0,0.0,0.0,0.0,1.0,0.0,0.0,0.0,0.0,1.0,0.0,0.0,0.0,1.0,0.0
24121.65,74.46992492675781,16.2,53.8,73.9,83.4,4.59,0.0,0.0,0.0,0.0,0.0,0.0,0.0,1.0,0.0,0.0,0.0,1.0,0.0,0.0,0.0,0.0
23875.89,43.1,14.6,30.9,83.5,78.9,5.83,0.0,0.0,0.0,0.0,0.0,0.0,0.0,0.0,0.0,1.0,0.0,1.0,0.0,1.0,0.0,0.0
23647.13,96.6,27.4,89.2,89.8,80.7303466796875,5.39,0.0,0.0,0.0,0.0,0.0,0.0,0.0,0.0,1.0,0.0,0.0,0.0,1.0,0.0,0.0,0.0
7191.61,61.1,16.6,58.50645446777344,73.6,75.5,9.43,0.0,0.0,0.0,0.0,1.0,0.0,0.0,0.0,0.0,0.0,1.0,0.0,0.0,1.0,0.0,0.0
21737.44,71.6,12.3,77.6,37.3,88.0,9.58,0.0,0.0,0.0,0.0,0.0,0.0,0.0,0.0,0.0,0.0,1.0,0.0,0.0,0.0,0.0,1.0
19612.89,47.3,20.441003799438477,35.9,57.3,52.7,10.15,0.0,0.0,0.0,0.0,0.0,0.0,0.0,1.0,0.0,0.0,1.0,0.0,0.0,1.0,0.0,0.0
13726.37,82.4,12.6,47.3,21.4,72.2,9.77,0.0,0.0,0.0,0.0,0.0,0.0,1.0,0.0,0.0,0.0,0.0,1.0,0.0,0.0,1.0,0.0
24492.1,83.4,17.5,71.8,83.1,72.33242797851562,8.16,0.0,0.0,0.0,0.0,0.0,0.0,0.0,0.0,0.0,1.0,0.0,1.0,0.0,0.0,0.0,1.0
17500.61,45.0,18.8,37.7,54.07898712158203,95.1,4.48,0.0,0.0,0.0,0.0,1.0,0.0,0.0,0.0,0.0,0.0,1.0,0.0,0.0,1.0,0.0,0.0
15109.4697265625,79.1,19.8,52.9,56.3,95.4,3.22,0.0,0.0,0.0,0.0,1.0,0.0,0.0,0.0,0.0,0.0,0.0,0.0,1.0,0.0,1.0,0.0
16920.326171875,95.7,19.3,59.5,35.1,86.9,4.82,0.0,0.0,0.0,0.0,0.0,0.0,1.0,0.0,0.0,0.0,0.0,0.0,1.0,0.0,1.0,0.0
21306.52,95.5,20.2,59.3,60.5,89.2,9.69,0.0,0.0,0.0,0.0,0.0,0.0,0.0,0.0,0.0,0.0,1.0,0.0,0.0,0.0,1.0,0.0
19678.43,65.0,11.7,56.88777160644531,59.5,84.4,5.14,1.0,0.0,0.0,0.0,0.0,0.0,0.0,0.0,0.0,0.0,1.0,0.0,0.0,0.0,1.0,0.0
21710.98,93.2,16.8,44.71607971191406,33.4,73.2,14.5,0.0,0.0,0.0,0.0,0.0,0.0,0.0,0.0,0.0,0.0,0.0,0.0,1.0,0.0,1.0,0.0
12553.16,100.0,23.5,84.0,31.0,90.3,9.02,1.0,0.0,0.0,0.0,0.0,0.0,0.0,0.0,0.0,0.0,0.0,0.0,1.0,0.0,0.0,1.0
21093.21,54.83803176879883,10.4,94.5,76.1,66.3,13.3,0.0,0.0,0.0,0.0,0.0,0.0,0.0,0.0,0.0,0.0,1.0,0.0,0.0,0.0,0.0,0.0
