state,school_type,grade_level,funding_per_student_usd,avg_test_score_percent,student_teacher_ratio,percent_low_income,percent_minority,internet_access_percent,dropout_rate_percent
9,2,2,23559.56,93.5,17.4,37.8,27.1,87.4,0.74
1,2,0,21000.4,83.7,20.7,19.3,69.0,74.44874572753906,12.41
7,1,2,6934.54,89.6,10.7,53.5,57.7,54.2,2.12
9,2,1,16441.31,57.3,28.1,63.5,67.1581039428711,89.4,3.14
4,0,0,9151.9,89.0,17.4,68.9,86.5,58.1,4.79
7,1,1,24702.86,73.3,22.0,21.8,67.5,61.6,1.18
3,0,0,19639.17,61.0,19.68439292907715,53.2,47.7,55.8,12.11
1,2,0,23806.61,52.6,25.2,56.3,42.1,71.35879516601562,13.27
3,0,2,22737.04,79.2,10.4,75.6,41.8,56.1,3.63
1,2,0,18820.76,44.9,12.0,44.9,30.3,76.6244125366211,11.29
5,1,1,9839.32,63.4,16.0,55.9,22.4,80.0,12.89
5,1,0,20737.9,65.4,15.1,86.8,94.1,63.2,9.48
9,1,0,12901.02,72.3,15.3,59.2,16.7,50.1,14.86
7,2,0,17323.96,88.6,14.3,32.1,64.4,83.3,0.94
5,2,0,13518.15,82.1,22.313241958618164,77.0,10.9,51.4,14.0
1,2,2,10008.7,98.1,24.3,76.8,69.8,76.8,4.55
1,0,0,18622.82,97.4,14.3,40.9,33.8,55.2,3.06
9,2,0,17592.66,96.8,19.9,63.3,34.0,92.0,8.22
5,1,0,17777.89453125,52.1,13.2,43.8,19.6,85.7,5.57
1,1,2,23188.41796875,69.7,12.3,15.9,8.5,80.1,5.11
8,1,0,10539.84,79.9,23.6,50.4,60.5,97.4,4.7
8,0,0,20276.76,71.76470184326172,28.9,36.4,21.2,60.5,11.89
6,0,0,24955.96,61.65951919555664,19.4,30.7,9.3,53.7,5.25
1,0,2,8712.23,97.1,28.5,54.1,78.7,80.1,12.59
9,0,0,9221.91,91.7,19.529327392578125,37.732269287109375,56.7,54.3,12.52
5,2,2,24890.74,72.8,17.55650520324707,67.51728057861328,35.8,51.1,14.75
5,1,1,14951.05,68.2,14.9,84.3,43.4,53.0,5.2
1,1,2,13186.67,45.1,14.3,44.1,70.5,75.3,4.83
4,0,1,12300.19,72.71295928955078,15.3,53.7,60.1,56.0,10.08
5,2,2,15510.9609375,45.1,27.0,45.3,86.9,73.47207641601562,14.17
5,2,2,20499.45,59.5,27.3,45.7,14.9,71.6,11.29
9,2,2,7529.05,48.3,25.5,70.0,33.7,62.7,6.05
9,2,0,15823.87,85.3,19.3,18.8,39.5,81.4,5.12
4,1,2,23266.81,96.4,25.1,74.0,83.1,68.3,4.3
6,1,0,18227.52,48.1,22.0,61.76613235473633,73.9,56.3,3.23
8,2,1,7989.19,77.4,14.4,57.9,87.3,89.4,12.16
3,0,0,14567.8,77.3,16.6,20.4,76.8,62.3,8.54
2,1,1,15405.36,99.9,14.3,83.9,41.6,75.07699584960938,14.34
0,0,0,24558.03,62.5,16.7,92.0,62.3,79.9,14.07
2,1,2,15718.048828125,77.2,26.3,41.8,80.2,95.7,3.75
9,1,0,6857.49,81.5,26.2,82.7,72.0,55.5,13.45
1,1,1,24125.34,80.4,20.5,71.3,9.7,69.9,5.13
3,1,1,6712.11,54.7,26.9,25.7,47.4,60.0,5.58
9,1,2,6616.41,84.5,20.3,60.9,77.1,82.45338439941406,13.7
9,2,0,16076.69,78.5,13.7,89.6,82.6,54.5,5.85
8,0,2,7203.75,67.1,22.2,65.0,49.4,58.6,14.9
3,0,0,17667.6,46.1,26.9,44.5,34.862178802490234,59.8,11.21
8,1,1,24602.03,46.8,13.5,77.9452133178711,55.43853759765625,73.5,11.5
6,1,0,19248.09,92.4,25.8,75.3,11.0,66.4,13.71
5,1,2,14502.9,78.9260025024414,17.4,71.2,35.0,88.0,11.86
3,2,1,23377.05,85.8,19.1,23.1,37.4,90.5,6.75
3,0,2,10336.9,77.1,24.2,52.0,84.6,68.3,8.79
4,1,0,13184.84,78.1,22.49091148376465,49.7,60.0,73.5,5.94
3,2,0,14768.73,91.3,11.2,36.0,15.0,94.3,7.55
0,1,0,5157.76,54.1,15.2,34.8,68.7,74.4,12.29
9,1,2,14258.5791015625,65.5,10.7,84.9,34.6,80.1,7.54
9,1,1,17262.97,49.7,24.9,84.4,65.5,61.8,12.54
2,1,0,6110.34,41.0,11.3,26.4,32.2,60.9,8.95
2,1,0,16080.69,75.1,14.3,66.1,81.4,51.6,4.22
8,1,0,14930.51,46.3,26.8,64.5,12.6,70.1,11.95
6,0,0,20107.43,80.2,10.4,42.9,29.3,65.5,3.77
2,1,1,21795.7,93.5,16.2,77.6,58.63949203491211,71.06938934326172,5.68
9,2,0,7179.17,62.5,26.9,75.2,23.3,87.0,8.82
8,1,1,20789.17,59.4,26.0,39.1,27.9,84.8,8.61
6,1,2,6010.14,40.5,11.4,64.49977111816406,68.1,85.4,2.64
7,2,2,5409.79,43.2,12.4,82.5,51.7680549621582,58.2,7.95
0,0,0,9228.96,82.4,13.2,32.4,33.5,91.0,4.86
1,1,0,19143.43,81.4,25.2,16.3,78.2,65.3,6.58
1,1,1,14011.98,86.0,15.2,16.6,89.1,60.8,9.55
5,2,1,19629.29,62.7,19.9,70.8,63.2,51.5,6.38
7,1,1,16179.94,73.3,15.3,19.3,49.4,83.8,12.47
2,2,1,23643.31,79.3,22.5,70.5240707397461,94.6,58.1,2.9
2,0,2,20289.75,76.5,15.5,59.3,39.6,90.6,13.24
2,0,0,12550.3544921875,67.1,17.8,90.8,44.3,61.4,8.36
9,2,1,23784.47,69.01437377929688,23.7,36.0,50.23463821411133,80.9,3.0
5,0,2,14973.0791015625,68.6,14.9,89.3,94.3,54.9,1.62
1,2,2,17941.97,73.4,20.7,19.0,54.1,60.9,8.63
8,0,1,12384.9248046875,47.8,16.0,85.0,55.7,78.30390167236328,14.65
0,2,2,6934.67,64.6,28.7,93.3,14.0,98.4,6.18
3,2,2,14402.65,96.6,14.8,27.1,13.2,70.5,12.19
9,2,1,11152.11,74.5,18.11335563659668,50.8,37.821624755859375,94.4,11.1
8,1,1,12233.55,66.7,22.2,91.2,39.4,72.01986694335938,1.04
4,2,2,9137.27,45.4,14.9,28.3,82.7,64.4,13.57
4,2,2,11673.46,83.0,21.3,60.0,28.6,83.2,8.95
6,1,1,22721.18,92.8,16.6,35.1,22.7,77.7,2.3
0,0,2,7316.46,91.7,16.754011154174805,19.5,20.9,77.0,2.91
9,2,1,8138.46,90.8,10.0,46.7,58.4,58.4,6.75
1,0,2,10996.6396484375,90.0,24.4,57.0,32.7,67.0716781616211,12.0
6,0,2,7991.43,80.4,12.2,14.0,29.3,78.2,6.81
7,1,2,17219.41,88.4,27.0,31.3,78.4,76.08197021484375,5.78
9,1,0,17230.94,90.67106628417969,16.975534439086914,69.3,35.5,92.1,11.83
0,2,0,10080.15,57.4,16.8,60.6,40.2,95.4,1.21
1,0,0,13705.49,77.0,27.4,28.3,7.7,68.0,8.09
4,1,0,20753.33,70.2,21.6,19.0,40.5,77.8,5.58
6,1,0,22092.54,42.2,18.3,52.7,64.0,63.9,3.9
5,2,1,19831.89,58.3,16.8,89.4,94.7,78.1,0.67
9,2,2,14449.814453125,40.7,12.2,93.8,88.1,74.4,5.54
3,0,2,20069.05,44.7,17.4,41.040855407714844,45.2,55.6,8.27
2,1,1,24162.52,66.9,23.4,66.2,33.9,74.5909423828125,8.54
1,0,0,24789.13,94.8,17.3,51.4,15.0,99.5,11.68
7,0,2,10422.95,48.3,16.7,84.1,51.7,94.6,14.34
9,2,2,21661.84,97.5,17.5,84.5,44.6,93.5,14.82
6,2,1,22386.16,71.2,19.0,46.3,7.2,87.6,6.46
6,1,1,6642.31,84.4,20.4,64.8,54.2,91.9,7.56
9,2,1,14555.0732421875,83.30941772460938,19.547330856323242,52.24465560913086,62.34962844848633,73.9,0.74
3,2,1,10223.65,81.0,14.3,87.2,68.3,54.3,8.19
2,0,2,12355.11,88.9,23.3,65.1,89.8,54.7,11.93
4,0,2,7886.68,70.6,22.7,48.1,45.7,91.1,14.61
8,1,0,15051.48,44.0,16.0,87.5,12.6,66.66207122802734,9.02
4,1,1,21016.89,41.6,12.0,42.969364166259766,86.7,92.5,12.6
5,2,0,17817.89,92.5,19.2,53.4,38.0,65.7,14.1
5,1,1,23305.84,68.2,18.6,60.9,82.7,51.4,10.83
7,2,1,9551.58,77.1,22.0,46.6,46.7,82.1,1.13
0,1,0,13691.27,66.0,25.1,51.0,37.8,88.6,11.47
1,2,2,24406.3,71.7,12.3,27.7,22.7,78.1,5.73
8,0,2,10250.37,51.3,20.6,24.8,45.1,87.7,3.58
1,1,0,20918.3,48.3,23.6,68.8,11.8,83.9,13.13
5,2,1,15841.3,99.6,12.3,87.1,45.6,54.5,3.38
1,2,0,9510.39,81.9,29.3,59.6,74.9,97.1,7.31
3,2,2,12760.291015625,90.9,25.3,89.1,24.4,56.6,1.18
8,1,1,19502.61,61.400352478027344,20.3,39.4,35.8,96.4,3.31
8,0,2,19270.47,79.7,10.5,90.9,50.4,78.7,9.42
0,2,1,13172.158203125,46.0,22.1,48.2,87.8,74.9,4.48
0,2,2,23672.47,97.2,20.7,76.6,59.3,73.63258361816406,11.98
2,0,0,13650.99,51.7,16.6,36.6,40.5,75.8,12.28
4,0,0,8926.76,75.6,15.9,35.6,44.1,76.8,6.37
8,0,1,6706.94,93.9,23.1,54.1,14.5,50.9,11.68
3,1,0,7230.65,63.3,22.6,13.3,68.8,93.6,7.7
5,1,2,18101.72,71.8,26.9,57.2,43.4,69.0,5.94
5,0,2,15863.7,76.5,14.9,63.39759063720703,80.4,58.3,11.9
9,2,1,14342.9384765625,68.05885314941406,23.9,51.5,43.9,98.4,7.23
1,1,0,11543.91,61.8,27.5,69.1,85.5,53.1,13.2
9,1,0,18311.57,67.45716094970703,19.9,78.2,40.6,81.0,13.76
9,1,2,19281.68,77.19357299804688,20.9,76.4,94.6,59.4,7.76
4,1,1,9575.8,65.9,17.5,30.0,44.0,74.1,3.44
5,0,1,13924.4,91.3,23.5,26.7,89.2,68.5,14.17
0,1,0,12807.55,74.6,13.7,10.3,62.0,76.9,11.07
9,2,0,9772.35,68.9,26.3,26.3,39.1,50.4,13.72
8,1,2,15261.23,100.0,27.6,81.8,66.5,98.4,11.92
9,1,2,8881.62,98.2,11.4,86.8,57.7,73.7,6.51
9,2,0,8649.96,83.81368255615234,20.630592346191406,44.0,51.0,80.6,6.3
2,0,2,18430.67,70.89029693603516,16.809301376342773,78.3,28.8,76.24768829345703,5.58
9,2,1,10950.16796875,92.9,23.9,50.0,73.7,74.7,1.12
7,1,0,23941.09,64.2,28.1,56.5,59.143577575683594,52.8,2.52
9,0,0,12591.91,91.4,12.8,41.0,73.7,63.8,6.01
7,1,2,9776.23,62.0,15.2,77.2,51.4,57.7,1.57
2,1,2,24158.05,62.9,19.8,36.1,33.9,78.8,12.81
1,2,2,18697.17,66.8,10.5,27.9,91.4,95.5,11.33
2,1,0,22304.35,84.8,11.8,31.8,9.1,59.9,11.81
8,0,0,20102.49,99.9,16.1,27.0,37.4,79.2,8.78
5,2,0,17448.439453125,92.2,18.6082820892334,53.87990188598633,26.7,54.6,13.94
3,2,1,11520.02,80.8,23.3,18.5,27.8,81.0,9.5
9,0,0,10424.44,73.6,26.3,43.9,76.0,70.8,8.22
1,2,0,9927.3,48.4,26.9,12.3,49.9,94.9,4.27
3,0,0,13127.46,41.4,24.3,44.2,18.1,75.66949462890625,10.19
7,0,1,8188.12,77.7,29.4,62.2,6.1,84.1,12.73
4,0,2,12695.31,89.1,10.8,14.1,10.5,67.6,9.51
3,1,2,8232.3,92.4,23.6,42.881404876708984,86.0,68.6,3.89
3,0,1,6615.56,91.4,24.0,14.6,77.2,74.1,8.62
1,2,0,14886.619140625,86.1,12.4,84.1,47.6,76.5,11.83
8,1,0,5934.75,56.1,19.4,13.8,91.9,75.3,12.17
9,1,1,12624.09,42.4,12.3,45.5,16.2,61.3,13.58
9,2,2,8611.18,43.3,25.8,88.2,75.8,96.2,10.19
1,0,0,9099.77,86.2,24.5,66.2,63.0,60.5,9.35
2,2,0,14711.34,83.0,11.4,25.0,71.8,94.2,7.16
9,1,1,14021.2275390625,54.2,24.4,60.9,33.0,61.8,14.92
2,0,0,24698.58,91.0,29.4,32.8,18.0,59.8,8.17
1,0,0,16527.537109375,72.29048919677734,13.7,57.89249801635742,39.4,87.1,8.19
9,2,0,5921.11,82.5,28.1,55.7,91.2,82.0,13.51
9,0,2,7349.01,56.3,22.0,81.7,17.9,61.5,2.54
9,0,1,15464.38,89.5,12.2,21.6,53.06635665893555,93.7,1.84
0,2,2,23861.46,56.02127456665039,10.4,70.3,53.3,85.6,9.99
4,2,0,22278.46,81.5,22.2,64.02313995361328,59.0,53.4,1.09
1,1,0,17027.39,94.2,28.5,32.2,17.9,98.8,4.0
2,2,2,15914.06,84.8,28.4,30.1,76.8,86.3373794555664,7.0
7,0,1,12796.86,43.3,10.4,93.0,47.7,52.9,1.82
6,2,1,23683.21,56.6,11.3,36.6,6.1,81.8,2.71
3,1,1,15499.02,73.8,12.0,88.6,22.4,83.64593505859375,12.68
3,2,2,9524.96,75.4,11.0,83.9,94.7,60.8,12.53
3,1,0,12704.62,42.7,21.0,63.7,32.6,53.2,9.62
3,2,1,13687.7666015625,43.7,20.2,42.3,45.4,97.7,7.79
1,0,2,20275.91796875,98.5,15.5,78.9,58.9,56.9,3.88
7,2,1,10827.48,54.7,10.9,41.98280715942383,70.8,84.74365997314453,8.61
0,0,0,7547.66,74.2,14.4,45.0,29.1,83.8,5.34
3,2,2,12860.85,94.2,16.6,70.0,83.3,77.1,11.4
7,2,1,24366.72,88.7,15.5,23.7,52.6,85.56846618652344,4.27
9,1,1,11802.328125,79.8,10.2,75.87451934814453,23.5,86.9,11.65
8,2,1,17062.45,45.6,23.0,77.9,21.1,76.07417297363281,12.71
4,0,2,13709.3193359375,54.9,22.3,66.7,92.4,76.9,12.13
9,0,2,18756.66,46.3,18.3,77.2,8.2,73.3,10.54
9,1,2,9283.35,83.7,28.3,20.1,55.2,79.6,11.51
0,2,0,8089.92,82.0,27.5,60.7,61.14168930053711,86.39049530029297,4.03
0,0,0,13713.9736328125,99.6,19.3,15.8,81.5,62.4,1.49
6,1,0,20832.55,80.4,21.1,23.5,64.7,91.8,8.99
2,1,0,6794.44,49.0,11.3,48.8,71.0,66.0,14.61
1,1,0,8653.6,48.8,17.2,33.1,69.6,54.9,11.48
6,2,0,18879.04,77.1,11.9,73.1,25.6,68.7,12.39
6,2,1,12468.53,71.7,16.5,62.52090835571289,14.0,56.6,9.27
4,1,0,7551.26,59.14509201049805,12.4,73.1,16.1,59.0,10.38
5,1,2,23947.18,94.2,25.2,40.64992141723633,51.1,85.57198333740234,7.14
9,1,0,20187.31,77.5,23.146299362182617,63.8,14.3,57.9,11.36
6,2,0,7243.24,41.1,13.1,29.5,86.2,88.4,11.96
6,0,1,19183.07421875,47.1,24.0,38.6,37.9,82.8,13.19
8,0,0,22658.61,73.8,26.2,44.8,65.1,71.4,9.73
4,1,2,11060.5,96.7,20.0,62.9,63.2,86.6,7.94
5,0,1,15462.82,85.2,17.137428283691406,71.9,31.4,96.0,6.73
9,2,1,16569.84,42.2,11.4,71.9,53.9,50.2,2.45
1,0,1,7863.12,93.0,22.9,48.624900817871094,93.7,89.2,4.89
7,1,2,23247.72,59.8,16.2,12.1,64.6,60.8,7.8
9,0,2,9136.39,42.9,26.0,88.5,12.7,57.8,7.15
1,1,0,17527.837890625,43.3,23.7,13.0,19.1,71.1,2.92
9,1,1,11798.04,48.2,17.5,65.03170013427734,38.7,64.5,2.28
1,1,1,20599.08,84.8,27.1,59.6,28.3,82.3,4.66
7,1,2,19274.69,64.5,10.2,39.6,27.2,50.5,10.54
6,0,0,6709.35,61.8,12.5,64.4,69.3,77.9,6.65
2,2,1,10819.98,80.1,29.3,90.4,26.9,71.9,1.11
9,2,1,17487.74,73.7,24.5,27.2,35.6,77.3,9.91
7,0,1,18410.36,52.2,25.6,63.4,52.96760940551758,76.5,12.78
1,0,1,22177.28,54.5,13.0,54.36793899536133,61.6337776184082,79.1,3.53
9,2,0,6020.51,88.2,26.6,34.2,90.2,76.5,6.6
9,1,0,7851.38,97.9,21.9,82.1,53.5,63.5,1.11
4,0,0,15696.28,49.7,21.6,60.8,59.8,87.4,3.71
6,1,2,9234.3369140625,59.1,11.1,25.4,86.2,72.3,7.54
2,1,1,10167.94,84.5,11.4,54.9,11.8,71.5,0.87
2,0,1,14062.74,73.6,23.1,81.2,66.3,79.7,7.6
0,2,2,22238.67,97.6,19.3,22.9,20.0,59.9,12.4
6,1,2,22787.89,57.6,10.2,80.6,48.46991729736328,82.8,9.24
8,1,2,15336.22,80.0,12.6,69.2,35.4,72.5,4.32
5,1,1,21824.91,68.0,12.8,15.7,47.7,72.260986328125,12.6
9,2,0,24425.17,65.3,22.840110778808594,35.7,38.8,57.8,10.24
4,0,0,20512.41,44.8,20.1,59.6,9.1,81.5,11.41
8,0,0,19989.33,90.1,22.8,64.6,55.0,97.8,5.91
9,0,0,8681.92,75.1,12.5,75.7,82.0,61.4,0.61
7,1,0,15418.75,84.0,26.4,48.4,53.7,67.6,11.59
3,2,0,24562.36,88.2,22.2,43.0,80.3,97.0,12.83
0,2,1,22343.11,59.4,13.9,42.6298713684082,13.7,88.3,8.66
6,0,0,19037.35,86.4,22.4,74.0,46.1,77.7,4.32
0,1,1,19546.93,68.4,19.6,48.4,5.1,52.7,5.42
8,0,0,20275.54,45.4,15.0,40.4,30.0,61.3,9.76
0,0,0,22025.13,75.3,12.8,50.31196975708008,61.1,94.0,13.52
9,0,1,9293.73,83.1,10.5,94.9,22.7,81.1,5.94
4,1,2,7496.69,66.2,13.7,87.5,92.9,66.25749969482422,11.13
9,1,0,5473.56,93.7,12.2,92.8,81.9,88.0,11.82
7,0,0,23706.02,77.6,19.1,48.0,31.3,81.4,3.6
0,0,2,23198.11,81.53585815429688,29.2,35.4,38.7,82.5,6.27
9,2,1,5557.04,84.7,26.8,60.8,87.0,66.5,0.71
6,1,1,19890.29,44.1,21.2,71.0,31.8,50.4,10.4
2,2,0,21233.23,68.6,16.6,22.0,69.9,73.1,12.77
9,1,0,13137.96,77.50374603271484,22.1,82.4,44.157588958740234,82.01571655273438,9.16
0,2,0,6721.91,99.8,10.1,43.4,48.3,69.4,3.41
4,2,0,24643.68,45.9,29.2,49.6,49.670387268066406,82.5,12.9
3,1,0,21126.13,53.2,10.5,45.9,85.7,91.3,5.39
9,2,2,22357.18,57.0,23.4,45.5,36.6,93.8,2.97
1,0,0,9819.27,95.7,23.2,16.4,92.9,99.8,9.48
9,2,0,6314.74,50.8,29.9,59.2,65.5,62.3,14.99
4,0,1,22400.32,76.31380462646484,10.4,91.6,55.91207504272461,77.33319854736328,4.87
6,2,0,10307.57,85.0,21.5,49.8,82.8,65.2,6.62
9,2,1,7292.48,96.7,23.53860092163086,49.5,57.6,80.5,5.17
5,0,2,5780.51,66.1,19.5,23.5,57.032012939453125,54.4,10.41
4,0,0,9735.4,72.4,28.7,31.1,39.4,71.6,7.57
3,2,0,8211.36,73.348388671875,20.6,34.9,41.9,72.5,6.85
6,0,2,23726.88,69.00270080566406,14.1,37.79652404785156,35.0,79.2,4.69
3,1,2,11880.67,74.8,11.4,52.8,6.3,99.6,14.67
2,0,1,12290.4248046875,50.0,11.7,80.1,13.3,74.4,7.03
9,1,0,15299.1552734375,98.2,17.9,69.61100006103516,48.0,86.2,11.34
1,2,1,8959.61,80.5,27.4,47.1,14.5,74.5,10.59
4,0,1,20476.62,91.7,14.3,70.9,52.8,92.3,5.09
1,1,1,19745.31,85.4,17.8,39.1,10.3,86.3,0.78
5,2,1,7964.41,94.5,26.5,57.804351806640625,88.1,53.4,1.81
2,0,0,7251.77,94.9,10.8,20.0,59.8,69.4,12.78
7,2,1,16080.11,43.5,28.5,39.1,74.7,91.0,12.74
4,0,1,9254.95,41.6,16.0,19.9,9.8,90.4,9.34
3,0,1,5964.16,79.4,26.5,28.3,11.5,69.5,9.04
3,0,1,12828.81,73.00794219970703,27.2,49.50944900512695,82.2,72.94853210449219,2.7
5,1,0,21513.68,91.2,19.4,80.1,58.1,68.3,4.76
0,2,1,11249.38,71.48242950439453,28.1,60.8,47.5,60.5,5.7
0,1,1,14504.390625,43.8,29.7,48.3,17.7,82.7,5.84
0,2,1,19537.49,84.9,11.8,51.2,31.14130210876465,90.0,12.31
9,2,2,23848.15,84.6,10.6,43.238555908203125,24.4,65.9,11.23
9,0,1,5934.15,60.3,26.2,48.5,55.5,81.3,8.18
3,0,2,19867.04,51.0,18.4,33.1,43.9,51.4,3.84
3,0,1,22655.31,43.5,26.4,11.1,82.8,75.4,13.59
3,0,2,14346.55,74.6,17.31026840209961,26.2,25.4,97.5,7.14
9,2,1,18376.59,48.1,10.7,39.2,43.98860168457031,70.6,4.38
3,2,1,7961.54,80.9,18.6,48.1,71.2,62.4,1.21
0,0,1,9240.59,52.7,14.7,34.6,84.0,97.0,6.45
9,0,2,8623.83,96.1,13.1,93.6,19.8,67.6,12.21
0,0,0,7337.24,65.2,10.7,52.0,63.14311599731445,74.4,1.96
2,2,0,22878.6,45.7,14.5,48.8,29.5,75.38666534423828,12.84
5,2,1,7215.76,77.2,21.595317840576172,48.7,48.4,86.4,4.23
7,0,2,9293.89,47.7,17.5,21.057636260986328,84.1,50.6,5.3
9,2,2,15878.01,44.3,28.6,83.6,55.0,90.2,1.25
1,2,1,16615.54,43.2,24.7,59.1,84.3,68.1,4.68
0,2,2,21416.89,52.7,18.9,54.6,63.4,77.0,8.12
0,1,1,14199.5439453125,60.8,23.0,41.6,55.2,92.0,8.51
4,2,0,11432.46,50.8,18.4,78.0,65.2,66.1,2.01
9,1,1,17924.69,57.89325714111328,22.8,10.3,42.8,50.4,7.36
3,0,0,9063.65,49.1,21.8,20.7,22.2,53.8,3.7
9,2,2,6262.58,47.4,13.4,56.3,66.9,81.2,5.99
3,0,2,18930.9,61.1,21.073917388916016,39.48599624633789,69.1,96.6,10.95
5,1,0,22010.51,63.5,27.4,59.9,13.9,96.5,10.11
2,1,0,22529.03,97.6,25.6,36.7,65.4,57.9,9.32
8,0,0,24239.13,72.2,14.1,39.6,33.894840240478516,71.3,3.18
9,0,1,15227.4,89.8,14.5,64.7780990600586,32.7,51.3,2.97
6,2,0,18717.990234375,42.0,19.6,62.3,36.874698638916016,97.5,7.51
4,0,0,23162.29,95.2,22.6,80.6,36.5,88.5,1.64
1,1,1,19064.09,78.3,11.6,60.32025909423828,11.0,82.4,7.31
5,2,2,17394.22,80.7,19.8,42.6,67.2,96.6,14.08
9,2,0,24905.29,47.5,29.0,51.00469207763672,34.3,96.3,5.58
6,1,1,6293.02,43.7,29.2,53.7,23.1,95.1,3.26
5,2,0,24465.35,51.2,20.1,49.8,89.1,67.4,8.94
5,2,2,10273.32,57.7,18.8,54.1,80.6,58.2,4.15
9,2,1,10735.8,55.2,22.767932891845703,25.5,45.2,69.5,3.76
3,1,1,13292.01,47.4,19.783748626708984,54.283992767333984,20.0,66.6,9.44
1,1,0,17606.55,89.9,22.5,63.3,54.7,66.7,14.54
9,1,1,5012.97,48.5,12.2,70.1,19.5,70.70182800292969,2.72
4,1,0,22953.03,83.1,25.4,57.6,63.785118103027344,63.196868896484375,4.96
6,1,0,20022.97,56.972740173339844,20.0,41.0,67.3,78.3,14.49
5,0,1,16665.529296875,65.58374786376953,19.497163772583008,83.9,88.2,99.8,10.71
2,1,0,7094.65,57.2,25.4,53.6,42.5,80.72078704833984,5.51
1,0,1,15299.17,76.2,28.5,45.7,40.6,77.1,1.01
9,2,1,18129.79,92.3,14.9,59.2,94.7,57.4,1.13
6,1,1,18548.564453125,76.3,22.6,41.0,41.5,91.9,10.31
5,0,2,21677.02,43.9,21.8,49.4,43.2,53.2,12.74
2,2,2,6600.83,81.2,14.8,90.4,61.3,96.7,3.76
9,2,1,15562.27,40.5,10.5,84.2,59.1,67.1,11.05
0,2,2,20255.19,47.2,18.732542037963867,41.0,43.1,75.9,7.94
2,0,1,18992.39,42.9,28.3,22.0,8.6,90.1,8.02
9,2,0,15212.87109375,42.2,17.3,80.4,53.7,65.3,6.05
3,1,0,13014.56,79.7,16.2,82.8,60.7,97.5,9.93
1,0,0,15765.31,40.9,23.5,37.7,75.4,69.3,12.93
9,1,2,6940.05,55.4,23.3,53.11652755737305,29.6,67.2,5.56
4,2,0,12661.46,90.4,25.7,44.637874603271484,48.4,94.3,2.07
6,1,0,7969.77,71.72281646728516,17.8,31.7,50.8,87.8,12.29
9,2,0,12502.42,80.4,27.9,64.6,71.3,67.7,2.53
9,1,0,8197.86,58.1,21.3,58.341670989990234,32.1,98.1,12.22
1,1,1,5445.04,70.0,18.4,58.1,41.4,65.1,6.09
4,2,1,12311.0,78.5,20.7,27.6,81.7,57.0,1.71
2,1,2,7800.82,40.5,22.3,83.39837646484375,17.9,64.9,3.78
9,0,0,16813.75,68.9,26.5,59.9,18.7,93.1,13.45
2,2,0,19936.86,71.3,29.7,90.7,38.3,82.7,7.86
9,1,0,15282.69,79.5,21.5,79.2325210571289,11.3,68.3,10.87
8,2,1,22237.67,80.2,11.0,45.8,18.735441207885742,76.0,9.76
3,1,1,14165.8583984375,77.9,21.1,88.2,64.8,93.2,10.18
0,2,0,8966.89,66.3,13.7,40.8,92.6,87.4,2.32
9,1,1,11292.73,46.6,20.0,49.5,31.5,63.3,2.37
2,2,1,11302.32421875,63.4,15.2,16.7,18.4,71.7,13.16
2,2,1,15399.8,66.0,18.0,11.7,85.3,55.8,11.24
1,2,0,17125.75,71.9,23.3,48.1,73.4,82.7,13.16
8,1,2,8738.09,63.4,24.9,93.7,34.19921875,69.5,13.04
8,1,0,17265.5,59.2918815612793,21.413162231445312,25.2,83.8,99.9,6.35
1,2,1,15697.2470703125,83.1,27.2,46.8,41.4,58.0,7.91
9,0,1,9036.67,89.9,13.3,79.3,56.9,85.5,12.35
8,0,2,17570.275390625,41.7,13.8,43.5,93.5,88.6,12.51
4,1,0,7493.49,81.1,21.2,62.7,17.8,76.2,4.04
7,2,0,24487.67,56.9,11.5,40.2,26.7,97.5,8.73
6,1,0,24695.63,44.2,25.0,45.452911376953125,64.6,83.9,4.26
3,0,2,15829.16,96.0,28.3,59.4,69.3,97.5,11.9
2,0,0,7032.22,61.6,22.0,87.8,33.755828857421875,84.6241226196289,6.16
7,1,1,21119.96,52.4,20.6,71.38211822509766,9.5,82.6,8.85
2,2,0,11915.53,89.8,29.9,55.9,60.4,76.39459991455078,3.21
3,1,0,15471.48,51.6,10.9,31.1,83.9,94.2,1.53
8,2,0,6038.48,47.4,17.1,77.8,64.7,75.1,9.29
1,0,0,22776.05,41.5,17.8,77.6,64.3,79.4,4.56
5,1,2,11222.47,58.2,26.2,88.3,5.0,63.9,6.19
6,2,2,20025.5703125,45.7,21.1,86.8,38.7,88.2,12.39
2,1,1,22534.13,77.0,22.0,53.4,20.8,71.53634643554688,1.73
0,0,1,24536.61,50.6,10.8,82.7,29.4,66.4,2.99
5,2,0,15614.46484375,93.9,23.4,14.2,51.6,54.5,9.74
1,0,0,5618.49,66.8,18.4,69.8,30.2,88.5,4.37
1,1,1,12573.85,46.5,29.5,45.4,69.1,72.5,2.26
1,2,1,22279.35,65.4,16.1,58.7,58.7,72.7,6.94
4,2,0,14834.83,57.5,12.4,62.3,90.5,67.5,2.96
4,2,0,10993.24,90.6,17.0,49.687068939208984,59.98053741455078,57.3,11.72
9,0,0,16980.89,59.8,13.1,45.3,50.2,93.1,14.8
6,1,1,17018.49,44.1,21.47355842590332,55.5,91.8,88.1,8.76
9,1,0,17928.65,83.8,26.1,36.3,19.6,56.0,7.57
9,0,0,16600.84,82.3,21.846900939941406,76.7,76.1,98.5,14.69
1,1,1,22595.3,91.3,23.7,71.6,67.4,60.5,6.23
2,2,1,17564.01,75.6158676147461,15.9,33.4,22.6,81.2,5.84
7,2,0,19239.638671875,43.3,11.0,47.86914825439453,59.4,67.2,14.54
8,2,0,13440.79,46.2,16.8,75.1,19.2,85.9,5.7
4,0,2,20185.79,98.0,13.6,57.6,68.6,65.0,12.3
8,0,1,24807.06,44.4,17.6,25.4,56.7,59.4,14.65
6,1,0,24000.94,93.1,24.6,54.9,41.5,82.5,1.02
7,1,1,9050.24,54.9,25.1,90.0,40.3,68.9,2.38
0,1,0,24391.42,77.9,12.0,78.8,58.2,75.9,3.96
5,0,0,19996.34,41.2,14.0,46.6,18.4,80.0,1.09
6,2,2,16971.30078125,67.0,16.701223373413086,28.1,55.74343490600586,74.8,1.86
6,1,2,12007.89,53.2,19.557159423828125,26.3,68.9,68.54414367675781,4.41
2,1,2,5291.51,54.2,20.0,15.5,38.8,53.7,4.9
5,0,1,6507.51,66.19849395751953,18.1,15.0,50.52275848388672,74.5,8.54
7,0,0,15211.6796875,56.3,10.5,80.6,75.0,74.2,11.25
1,2,0,11967.01,87.1,26.7,84.8,13.0,89.6,3.82
4,1,1,13447.18,52.7,24.6,81.8,75.1,54.3,7.23
0,2,1,17055.54,96.1,23.6,74.2,82.7,99.4,10.9
2,2,2,21551.1,85.9,17.7,50.1,82.3,71.1,1.98
2,0,0,8276.1,59.7,12.7,23.9,32.4,77.1,13.66
3,2,1,17127.44,76.81232452392578,29.2,55.6,73.9,92.0,1.46
8,0,0,9093.76,61.6,12.8,54.4,48.4,78.3,7.88
9,2,2,18044.06,71.7,25.7,54.7,58.7,88.1,9.96
9,2,1,8058.53,57.4,16.5,41.7,56.6,53.2,11.09
7,0,0,19926.92,56.2,15.7,50.3,36.1,87.0,11.73
2,1,0,19314.18359375,99.3,22.9,22.8,58.0,52.8,4.95
1,1,0,11618.59,89.6,14.9,76.3,60.6,73.6,6.23
5,0,2,17893.28,76.2,24.2,29.2,66.5,82.2,1.4
4,1,1,19153.5,56.8,23.5,23.2,82.2,85.5,14.59
4,0,1,14989.640625,76.2,15.8,86.4,46.1,88.9,0.64
7,2,2,6815.96,89.7,16.2694149017334,56.3,62.7,56.5,3.42
8,1,2,19833.66,74.7,11.3,63.2,70.3,51.8,12.85
4,2,0,14364.22,73.7,16.9,93.4,7.9,63.9,10.87
6,1,2,13155.2900390625,61.9,26.4,86.0,31.0,73.36817932128906,12.42
9,2,0,5992.29,78.2,23.8,44.8,38.7,66.7,10.17
2,1,2,14851.28,72.6,12.1,30.6,30.2,52.5,3.65
8,0,0,10297.04,51.4,21.4,17.5,51.4,52.9,7.67
7,1,0,17791.31,48.2,21.8,89.2,9.7,54.0,9.06
2,1,0,18270.33,98.0,26.4,86.5,65.2,89.7,8.07
9,1,0,5901.92,55.2,24.7,11.0,77.0,64.5,7.62
7,2,2,12826.59,88.3,15.6,71.4,71.5,54.1,14.19
9,0,1,14815.59,49.48521423339844,12.5,14.4,92.1,99.0,0.54
6,1,2,13686.216796875,59.2,19.994295120239258,68.8,48.0,76.5,2.59
0,0,1,14361.85,52.5,16.2,40.55060577392578,88.8,96.5,11.97
5,2,2,20593.34,96.8,15.8,37.2,22.2,73.2,5.81
9,0,1,15322.966796875,98.3,26.4,25.2,34.0,94.1,4.44
4,0,0,23644.5,94.4,26.7,40.4,72.3,77.4,8.56
1,2,1,12295.52,61.9,18.2,38.1,26.6,74.1,13.66
0,1,0,21910.63,82.7,20.4,25.7,64.5,70.0,13.28
7,2,2,19512.19,41.6,18.2,28.6,59.6,98.6,4.25
5,0,2,19276.61,60.8,11.0,39.2,46.2,88.2,3.0
7,1,0,22563.27,45.4,14.2,79.0,83.1,74.4,10.01
1,2,2,13475.0029296875,93.5,13.1,48.1,72.4,66.18587493896484,3.76
9,2,1,7012.78,95.8,21.0,29.2,58.1,57.4,2.63
2,1,1,12068.54,70.5,11.4,41.1,73.7,95.0,6.77
2,0,1,13078.91,64.9,27.4,56.44736099243164,48.2,95.7,5.57
9,2,1,13869.84,70.6,27.6,31.4,67.0,80.9,12.61
3,2,0,13314.5048828125,55.3,27.2,63.7,32.1,75.6,3.65
9,2,1,21981.75,43.5,25.4,93.7,36.34784698486328,59.2,11.23
0,2,0,23652.5,42.2,18.1,48.6,33.2,91.4,14.44
0,2,2,5918.98,87.49160766601562,16.0,81.49593353271484,94.0,51.9,0.87
6,2,1,9966.62,100.0,19.0,71.6,61.6,83.0,8.78
1,2,0,10211.94,78.2,18.4,26.0,65.6,53.0,10.23
3,1,0,13852.19,41.2,10.6,13.5,42.8,62.6,4.82
0,0,0,9326.02,87.3,16.7,74.3,49.5,67.5,13.32
9,2,1,21381.93,88.1,14.6,61.7,35.4,92.1,2.97
9,0,2,24734.07,49.2,19.3,30.9,32.9,75.8,7.96
2,0,0,24895.76,62.8,17.599428176879883,10.3,9.0,78.4,0.66
7,2,0,6988.88,64.8,18.3,13.6,59.3,65.35242462158203,0.71
1,2,0,12750.15,81.6,28.0,92.9,25.6,73.3409652709961,11.39
3,2,0,5813.21,71.4,26.7,10.3,33.7,87.3,8.0
0,2,0,12236.77,41.5,13.9,79.6,57.7,84.3,1.66
1,2,0,23919.94,73.7,28.3,19.3,52.32260513305664,50.7,10.64
3,0,0,12451.8095703125,66.1,23.7,28.5,54.8,76.1,7.6
9,2,2,7053.01,81.96763610839844,23.03261947631836,18.4,42.5,86.7,3.39
0,2,2,17376.31,66.0,14.2,49.45534896850586,90.5,58.7,11.36
7,0,2,5955.35,94.2,24.6,20.5,70.5,76.04842376708984,5.92
0,0,2,14399.6787109375,74.1318588256836,21.6,66.3,24.9,81.9,11.13
9,0,0,24540.9,90.5,24.9,41.4,14.7,89.4,4.76
4,1,2,8091.47,59.5,21.1,77.7,55.1,59.3,11.04
7,0,0,22207.53,48.2,14.9,70.8,51.355342864990234,80.7,14.24
3,0,2,11008.01,90.2,17.9,28.6,18.9,68.5,5.27
0,0,1,18367.64,99.6,20.65564727783203,71.0,72.6,60.9,4.62
4,0,0,17521.06,40.8,20.6,66.7,8.4,60.3,10.88
3,0,0,19133.75,65.9,17.6,44.0,7.0,89.0,11.72
9,0,1,20136.95,64.9,17.5,25.9,68.1,92.4,11.28
5,2,2,15111.72,92.0,25.9,35.5,49.86367416381836,55.5,10.84
3,2,2,12601.78,93.0,19.1,90.8,48.5,84.1,5.02
7,2,0,6975.95,69.8,25.7,43.6,61.84769058227539,54.5,10.5
2,2,0,10283.84,40.3,18.7,47.7,50.7,57.6,13.28
2,2,0,10646.73,81.3,28.1,67.91729736328125,38.5,59.4,14.9
4,1,0,6853.48,59.7,18.3,25.7,50.17680358886719,98.4,6.11
9,0,2,6434.33,93.8,26.8,72.9,60.08393859863281,79.0,1.19
1,0,0,19588.2,48.8,17.7,18.4,24.3,68.1,3.87
9,0,0,14688.29,70.5,11.5,87.7,54.428768157958984,97.1,4.87
6,2,1,23961.1,70.57799530029297,29.3,56.12125778198242,61.9,67.63497161865234,5.54
9,1,2,8508.05,63.0,18.6,49.5,14.2,69.1,12.66
0,1,2,11950.3642578125,87.5,21.80692481994629,41.42301940917969,48.17259979248047,76.2,13.01
3,0,2,23583.79,82.1,24.5,72.0,50.6,53.3,11.53
5,0,0,17328.140625,59.3,28.3,70.47210693359375,11.1,52.4,14.71
5,2,0,15922.25,88.0,16.9,55.5,7.4,71.44830322265625,3.33
0,0,0,6769.82,65.8,13.7,21.9,34.4,64.2,10.47
5,2,0,11296.11,48.8,12.8,45.0,79.9,64.5,1.62
9,2,0,19360.48,61.6,23.2,11.1,60.8,95.3,5.54
4,2,0,10374.24,46.2,12.3,68.6,38.0,99.9,5.36
5,0,1,6962.53,50.67100143432617,11.5,15.7,62.25161361694336,98.1,7.19
0,1,2,7479.13,74.7,13.0,70.2,30.8,89.6,13.99
2,2,0,20887.505859375,59.1,20.027271270751953,46.275794982910156,69.5,79.8,14.27
6,0,2,8569.4,96.3,24.9,65.5,65.7,76.73017883300781,9.56
3,0,1,21396.45,66.8,14.8,25.1,9.7,63.6,6.82
2,1,2,7322.19,62.6,11.0,75.1,47.9,62.1,2.55
0,0,1,16300.69140625,42.4,19.9,86.9,38.5,55.5,12.93
9,0,1,21695.65,71.9,21.0,25.2,73.2,74.7,3.94
9,1,2,15104.98,92.6,16.9,49.28965377807617,49.9,74.8,9.61
7,2,1,13510.04,45.3,18.9,35.2,60.66473388671875,76.9,13.68
5,2,2,9401.94,86.2,16.035844802856445,51.5,33.6,56.0,3.3
8,2,1,17392.29,84.1,24.0,18.0,53.60115432739258,97.7,12.93
2,2,0,13988.66,40.0,29.9,36.6,76.2,66.8,7.32
3,2,0,21114.49,42.6,16.423797607421875,87.5,48.4,96.9,4.05
5,1,2,13140.78,80.4,12.1,10.8,31.9,57.2,0.59
2,2,1,23327.88,49.4,19.0,40.7,46.1,87.1,4.21
4,1,2,19668.453125,93.0,29.3,45.0,53.289188385009766,83.84773254394531,3.59
2,0,0,18062.884765625,65.4,21.1,71.4,16.2,68.6,11.15
7,2,1,21898.02,83.1,28.1,61.4,54.352149963378906,74.90150451660156,2.16
5,0,1,11241.62,47.5,17.0,11.4,30.8,53.6,7.96
5,0,0,21935.74,88.9,28.8,44.7,29.3,79.70471954345703,13.49
8,1,0,11102.97,54.1,15.9,21.9,69.9,89.3,4.88
7,0,1,8257.66,55.5,25.8,77.5,87.4,73.15546417236328,13.16
0,2,0,7146.62,70.8,20.819551467895508,82.3,32.4,95.9,11.45
4,1,0,24309.49,52.3,19.9,43.157169342041016,70.5,76.6,11.19
3,0,1,8084.24,59.9,25.8,34.8,19.0,96.5,8.32
9,1,2,18840.33,77.8,17.6,16.4,51.0,63.1,10.73
3,2,2,5349.32,61.6,25.9,28.7,57.95761489868164,53.7,4.55
2,1,0,12574.16,49.442378997802734,22.3,48.928897857666016,85.1,61.953243255615234,8.95
6,1,0,14815.8505859375,74.15396118164062,22.8,42.2,91.9,57.0,14.76
1,2,2,24491.68,58.7,26.2,45.6,84.2,62.7,6.09
0,2,2,11431.38,59.6,14.3,29.1,54.7,71.37584686279297,4.82
2,0,0,18360.27,80.9,17.1,90.5,12.0,58.5,14.85
0,2,2,24831.12,68.3,17.4,81.2,80.7,63.3,12.36
8,0,2,19922.05,63.8,18.6,52.40711212158203,65.1,50.8,7.39
0,2,0,21277.18,91.1,25.8,60.523502349853516,67.0,54.0,12.22
2,1,2,19652.98,73.1,21.0,59.1,62.2,66.1,3.24
1,1,0,17574.9,86.29898071289062,13.9,74.6,71.5,67.1,7.69
3,2,0,16233.73,63.778255462646484,26.4,40.4,43.4,71.2,12.31
7,0,2,5611.5,54.4,14.1,44.3,62.421875,90.5,10.2
6,2,1,12804.28125,60.7,15.3,79.6,17.8,85.0,3.63
0,1,2,11836.51,63.7,10.4,66.7,55.5,54.3,8.9
8,1,1,22415.37,81.9,22.99059295654297,34.1,55.1,65.44449615478516,10.23
7,2,0,13895.47,51.5,21.3,35.7,84.8,66.1,8.48
7,0,1,10080.98,44.1,28.1,14.1,19.5,70.0,14.29
7,1,2,23743.27,73.7,28.0,50.65418243408203,19.3,52.3,1.19
2,1,2,24981.9,44.1,28.4,75.9,13.0,78.4,0.65
6,0,1,11431.13,72.0,29.3,68.4,31.9,53.3,2.88
5,2,0,19734.53,94.7,19.311674118041992,48.1,34.0,86.0,0.56
5,0,1,8740.17,86.8,28.2,68.0,42.5,91.7,12.75
5,2,2,15695.71,56.9,17.2,49.4,83.3,98.1,4.39
4,1,0,23670.41,67.4,11.7,29.0,40.5,60.3,3.42
9,1,0,13203.13,71.9,18.10979461669922,58.4,11.5,55.4,12.24
5,2,2,19386.5,67.76466369628906,13.1,53.3,6.7,88.3,7.57
1,0,0,24278.72,40.2,12.4,33.1,56.4,72.6,3.67
9,0,0,12580.37,51.6,25.0,15.5,49.0,55.4,4.25
8,1,0,23525.49,86.6,28.5,55.2,55.1,83.91796112060547,3.57
9,1,0,6490.93,48.0,14.0,53.06903839111328,51.5,84.5,14.78
9,0,1,5284.34,85.3,14.3,93.3,76.9,83.9,10.89
2,1,0,7874.76,75.8,13.4,48.710716247558594,31.8,80.4,9.44
4,0,2,16149.46,70.35220336914062,26.6,46.6,11.8,85.6,5.11
1,2,0,14601.12,72.31510925292969,18.2,71.7,70.1,72.78667449951172,5.24
3,2,0,18790.12,49.4,16.4,68.3,5.9,58.1,0.68
9,2,1,8502.16,58.1,15.0,38.7,72.8,71.62457275390625,9.0
6,1,1,16756.21,98.5,26.2,47.4,70.6,80.6,6.16
5,1,2,20641.87,99.5,14.0,85.86527252197266,88.2,86.2,14.24
0,2,2,16633.12,76.77570343017578,28.1,58.1,57.9,99.2,14.45
0,1,1,8225.48,51.2,24.2,70.39703369140625,55.5,64.2,2.16
1,0,2,17607.74,64.8,14.3,50.4,85.6,60.2,3.06
8,1,1,21954.31,92.9,16.4,10.2,46.0,69.5,8.81
5,2,0,20202.08,55.5,19.1,69.3,49.225311279296875,86.0,4.78
1,2,0,13311.58,95.9,15.2,29.7,12.8,94.9,7.88
6,0,1,19319.02,86.3,13.9,16.9,30.6,51.5,14.42
9,2,1,7448.87,71.1,22.0950870513916,12.6,40.1,79.24312591552734,12.01
9,0,2,17958.56,76.8,25.3,35.5,40.91727066040039,83.6,7.44
8,0,0,11144.58,57.6,13.4,59.7,51.1,64.9,12.35
5,0,0,20071.1,66.7,23.9,22.5,81.8,91.7,11.29
9,2,0,11928.236328125,82.8,21.01470947265625,19.3,61.0,57.3,6.7
5,1,2,24335.22,82.8,18.7,52.5,58.5,65.61067962646484,1.23
9,0,0,8480.82,77.5,25.6,36.5,78.5,70.15125274658203,10.69
9,0,1,9310.7,43.1,22.5,64.7,7.5,55.4,11.89
5,2,1,15946.73,82.2,17.7,15.9,45.3,70.9,10.9
9,1,1,18398.494140625,72.10032653808594,15.0,46.41314697265625,78.4,78.5,2.65
0,1,0,7506.27,66.9,29.2,68.3,18.6,85.7,8.49
3,0,1,10501.83,56.6,28.3,50.1,71.7,55.6,10.88
1,0,1,5628.65,81.1,21.8,26.5,53.2,52.5,13.45
1,1,1,14946.91,94.2,25.1,65.12995147705078,94.2,77.0,14.43
2,2,0,17372.59,45.0,25.4,66.8,41.6,71.8,1.74
4,0,1,15446.53,78.0,29.4,47.7,38.44417190551758,80.82008361816406,4.01
3,1,2,13103.2880859375,77.9,18.88260841369629,81.6,32.9,64.9,4.67
0,1,1,19617.44,50.5,14.0,45.1,41.9,61.0,10.29
2,0,2,14305.94,49.8,12.8,91.3,59.43932342529297,95.6,12.74
8,1,0,6122.9,91.4,16.8,28.0,70.9,77.7,7.64
8,1,0,20814.24,86.00773620605469,11.8,71.300048828125,93.0,63.9,1.81
1,2,0,17627.01,78.3,20.3,79.1,40.30907440185547,72.7,3.23
7,1,2,8791.72,87.6,25.885080337524414,31.3,43.3,81.3,3.37
1,1,0,23796.79,64.1,17.4,68.1,26.5,72.4,5.46
3,0,2,18704.15,82.9,12.8,11.4,51.230831146240234,88.8,13.73
4,2,1,6429.0,81.0,24.0,42.1,85.3,63.0,11.61
9,1,0,7701.85,89.4,12.8,90.8,61.805564880371094,63.4,4.5
5,1,2,24350.94,46.5,10.2,74.9,35.2,61.3,2.41
6,2,1,18804.99,84.7,18.1,18.1,27.30388832092285,86.1,11.25
9,1,0,10283.75,80.0,20.174177169799805,44.9,55.1,78.9,8.27
9,2,2,20653.17,87.3,18.6,65.7,25.0,65.5,14.99
3,1,1,16335.904296875,50.9,22.6,56.991878509521484,76.73834228515625,91.6,5.58
9,0,0,7138.51,50.9,17.9,94.5,76.3,80.8,2.63
5,1,0,13690.34,94.9,15.7,73.71125793457031,48.85750198364258,78.7,4.61
6,0,2,19483.87,64.1340560913086,13.7,74.2,47.7,93.6,3.98
0,1,0,22814.68,56.6,14.150023460388184,32.0,79.7,88.7,10.94
7,1,0,22322.2,65.6,29.8,48.5,40.1,72.1,1.19
7,0,1,19992.39,65.8437728881836,16.4,37.61760330200195,51.38691711425781,50.9,10.92
6,2,0,16047.92,40.4,25.1,92.9,31.6,78.0,5.33
6,1,1,9267.77,58.7,15.7,16.3,55.9,91.4,6.36
7,2,2,11147.97,48.9,28.2,22.2,47.9,96.7,13.84
6,1,1,12504.64,70.67194366455078,29.1,55.6,18.0,94.3,12.98
6,0,0,16298.02,75.9,26.3,61.4,60.0,56.2,4.78
8,2,0,7815.52,61.38535690307617,15.6,65.5,46.9,96.9,4.38
8,2,1,21368.94,53.8,11.2,75.7,63.4,82.2,5.15
9,0,2,13795.134765625,58.6,18.0,43.3,76.8,92.2,5.42
0,1,1,18027.26,96.7,24.9,78.6,30.6,91.8,11.45
2,2,0,22130.92,70.5,25.6,32.1,13.9,50.7,3.27
9,0,0,13328.58,49.0,10.3,18.3,46.3,69.62651062011719,8.06
4,1,2,21663.2,88.5,19.7,48.320213317871094,20.7,67.8,5.35
0,1,0,20925.91,89.1,13.5,87.2,54.9,69.3,3.83
7,1,2,9745.76,77.4,10.7,74.7,44.4,56.7,1.33
0,0,2,6395.51,72.3,18.196792602539062,85.8,22.4,68.23304748535156,10.58
3,2,0,13059.74,78.2,14.8,80.5,44.7,93.2,9.95
4,1,2,14253.69,75.6,17.5,78.5,65.8,58.3,2.29
0,1,2,15304.36,80.4,28.3,62.05515670776367,36.1,88.6,4.77
6,2,2,19150.04,95.9,14.4,35.2,10.9,57.7,10.99
2,0,0,21005.39,92.4,19.353506088256836,83.8,40.2,77.2,2.25
9,0,1,9729.22,96.8,27.0,34.9,60.7,58.4,10.91
4,2,2,6321.66,62.946510314941406,11.1,66.3,19.3,77.2,5.63
0,0,0,18816.21,89.0,16.2,46.4,29.3,74.62120056152344,13.27
7,0,0,18431.251953125,40.4,13.688705444335938,73.5,46.2,64.5,11.5
6,0,0,15320.99,71.19612121582031,12.9,45.2989501953125,80.1,63.5,10.7
6,1,0,8365.77,86.4,21.8,29.4,14.5,99.6,0.96
9,1,0,14936.28,43.9,18.6,80.6,75.6,68.3,13.45
3,0,1,16668.52,62.9,21.4,74.3,58.2,87.5,13.83
6,2,0,17026.8,86.1,18.962787628173828,90.7,7.4,72.6,0.62
3,1,2,5526.79,72.2,15.3,52.85198974609375,36.9,67.1,11.95
5,0,2,22980.07,58.4,19.1,80.9,53.8,96.3,3.37
7,0,0,7556.05,64.5,20.4,76.7,41.250545501708984,78.1,3.01
0,2,0,21735.99,52.5,27.5,71.05204010009766,90.1,96.1,0.78
9,2,1,20704.275390625,69.0,24.3,29.1,85.4,71.31900024414062,9.58
8,0,2,20641.58,66.8,27.6,89.4,16.2,51.9,10.68
2,2,0,14245.78,62.1,21.6,78.9,29.328046798706055,68.7,4.15
2,2,0,15916.1376953125,57.5,26.5,94.2,67.2,89.4,2.44
6,2,0,15299.65,73.08995819091797,20.918588638305664,72.7,11.2,66.1,10.59
0,2,0,24000.27,57.3,28.0,59.3342170715332,58.4,98.1,5.45
0,1,1,16918.75,74.8,24.981399536132812,22.8,42.0,99.5,10.38
4,0,0,16910.73,44.7,20.2,41.4,16.1,57.8,6.98
9,1,0,16161.7978515625,48.0,20.58867835998535,88.0,16.3,61.4,7.34
0,2,2,15474.18,68.6,13.4,61.7,53.5,56.3,13.4
0,0,1,10149.31,93.9,15.0,18.7,65.5,61.0,14.96
1,0,1,12569.89,57.62473678588867,17.6,36.7,86.5,93.0,7.63
2,2,2,13169.93,44.2,17.4,80.9,50.0,76.6,9.27
7,1,0,18941.6,51.5,25.1,53.1,42.0,68.2,12.47
3,1,0,20166.99,80.3,27.0,52.8,27.9,64.7178726196289,10.79
9,2,0,24864.7,62.4,14.4,78.13922119140625,65.7,56.5,2.69
4,2,0,10909.43,42.0,21.9,24.7,56.13420867919922,95.9,7.4
9,1,0,12280.9814453125,61.6,13.7,75.8,18.3,68.7,7.8
7,1,1,12536.09,61.4,12.4,91.1,40.3,64.1,1.51
6,2,0,18587.73,74.5,27.9,16.1,45.39830017089844,72.9,1.85
1,0,1,13166.72,47.8,20.861780166625977,56.48531723022461,6.5,50.9,5.98
3,1,0,7487.38,86.9,19.8,11.0,67.3,50.7,13.7
7,2,0,11139.07,64.2,19.6,66.3,15.1,72.4,0.61
2,0,1,19374.92,89.5,20.489891052246094,82.5,30.7,65.3,1.03
9,1,2,15301.67,74.2,14.3,24.2,45.5,63.5,1.22
9,2,0,13427.71,79.6,26.4,63.6,16.8,69.22303009033203,7.65
9,1,1,24394.93,64.74295043945312,19.0,31.615131378173828,80.1,82.5843734741211,12.1
9,0,1,21222.37,42.3,15.2,11.7,28.7,84.1,8.72
2,1,1,10043.98,47.0,19.120084762573242,91.4,23.7,72.477783203125,2.17
7,1,0,5311.0,53.5,27.6,30.88157844543457,46.2,63.0,14.93
0,1,0,23073.35,71.8,23.9,19.9,46.8,99.2,6.91
5,1,2,8014.98,60.0,18.700899124145508,76.8,41.9,65.5,0.64
7,2,0,20194.4,67.6,17.0,54.4,59.2,68.7,3.58
8,1,0,11062.64,61.2,25.5,85.8,92.8,69.25259399414062,12.72
0,2,0,24408.158203125,90.8,23.1,39.9,18.9,77.89219665527344,13.49
9,1,2,13401.04,49.6,24.8,54.2,30.7,65.2,2.1
7,2,1,9632.48,99.8,21.7,17.5,26.6,73.6,9.51
6,1,0,13260.81,91.3,13.9,86.7,83.1,54.5,6.11
9,0,2,8044.86,63.7,15.3,40.43304443359375,52.6,76.89550018310547,12.37
7,1,2,16365.49,41.2,20.9,92.1,17.8,85.3,6.06
0,0,1,6458.54,60.0,18.1,86.2,79.2,64.9,3.98
3,0,2,9241.06,81.9,17.9,71.5,86.0,70.9,14.95
0,2,2,12509.36,59.2,26.8,18.8,58.8,50.5,4.81
9,0,1,21529.9,52.2,12.5,91.6,24.7,96.6,5.71
6,2,1,23776.86,53.7,20.4,60.56549072265625,11.0,55.3,11.02
6,2,2,8214.13,64.6,12.0,37.3,82.0,78.8,7.74
7,1,0,17356.53,82.1,11.6,68.35161590576172,56.6,54.9,5.05
2,0,1,10382.46,55.9,28.8,32.8,82.2,96.4,10.14
5,1,0,23370.98,85.6,16.2,64.3,90.5,59.67564392089844,3.74
9,0,0,23787.56,47.5,18.4,40.8,94.8,77.9,9.86
4,1,2,23419.35,52.3,19.0,37.0,53.63074493408203,56.6,2.69
6,1,2,10802.16,52.3,28.4,50.731117248535156,66.84605407714844,65.4,6.37
6,2,2,23950.2,52.67151641845703,11.2,27.4,80.8,89.0,4.97
8,1,0,19522.7,61.598365783691406,19.530786514282227,91.1,12.1,73.1,3.76
9,1,1,9716.5,46.7,17.1,53.38251876831055,24.0,81.81877899169922,14.28
7,2,2,6635.26,63.8,11.1,72.2,28.6,97.1,8.77
0,1,1,9145.94,86.6,21.4,85.4,74.3,81.2,6.86
9,1,0,20259.76,92.9,13.1,75.3,89.9,78.1723861694336,7.55
5,0,0,12785.11,78.5,12.9,74.1,60.07708740234375,76.6,1.3
8,0,2,18513.04,42.7,24.2,19.4,64.2,73.36214447021484,7.68
9,2,2,15101.814453125,99.9,10.0,87.7,25.6,73.5657730102539,11.4
9,0,2,10171.583984375,58.2,27.0,66.1,72.9,77.0,7.66
6,0,0,24744.42,65.7,17.6,49.966880798339844,26.5,66.7,8.82
2,0,0,18328.9,55.2,15.1,87.6,50.9,89.2,1.89
6,1,2,18735.52,80.8,15.9,83.1,36.0,67.1,7.7
9,0,2,8510.787109375,59.4,25.7,45.1,59.9,81.1,9.84
6,0,1,12110.56,71.78219604492188,20.0,60.64130783081055,34.0,90.0,9.08
7,1,1,17092.9,82.2,14.3,71.50104522705078,5.1,80.9,8.27
6,0,2,8801.29,92.6,23.3,61.5,78.24671173095703,70.1,5.37
3,2,1,14789.7861328125,81.4,27.3,72.7,77.7,70.0,11.72
0,1,1,5928.37,96.8,21.529254913330078,87.3,22.8,88.9,9.67
7,2,2,10539.69,44.7,27.2,14.6,44.0,57.5,0.66
2,2,1,14361.4208984375,72.26898956298828,18.626977920532227,24.8,49.1,89.3,3.11
4,2,0,16344.78,41.5,14.0,87.3,74.8,57.4,8.4
9,0,2,9859.65,84.5,13.0,22.7,52.5,77.2,0.68
2,0,1,16062.64,75.8,25.4,54.1295280456543,23.1,92.2,4.9
6,2,0,8665.12,85.3,23.8,90.7,92.7,61.1,4.24
8,1,1,19901.98,91.2,19.5,83.1,36.1,97.0,9.24
8,2,2,16969.88,45.2,21.9,90.1,34.8,61.6,11.34
9,0,0,24922.85,58.4,29.1,45.3,24.2,100.0,14.51
8,1,1,17933.4,99.8,29.1,87.5,84.7,87.58177185058594,6.74
9,0,2,6879.91,61.7,19.3,85.1,13.1,95.4,14.18
9,2,0,12941.568359375,80.3,10.1,58.1,32.2,84.37255096435547,7.0
9,0,2,9948.5,83.6,25.2,31.0,42.0,74.7,11.97
1,0,2,11150.33,81.11067962646484,23.3,21.4,65.6,75.3,5.95
1,1,2,14311.95,51.4,19.0441837310791,16.1,66.3,77.8,13.09
8,1,2,21193.26,71.1,25.5,91.0,88.2,73.54314422607422,6.16
1,0,2,7665.8,49.5,26.6,88.7,67.3,76.0465087890625,8.84
9,0,2,16733.1,52.49111557006836,24.2,93.5,40.1,79.9,8.67
1,0,0,18401.05,79.2,18.5,46.9,41.9,86.5,0.5
9,2,0,21767.23,79.3,17.213106155395508,61.8,7.3,77.96331024169922,9.68
5,0,0,19492.29,92.2,25.9,68.5,5.1,51.2,10.49
2,2,2,15149.3369140625,86.4,20.273958206176758,76.4,39.2,50.4,2.31
3,1,1,9904.18,47.3,19.1,81.0,66.2,67.2,2.54
3,1,0,14938.49,88.8,28.7,90.7,60.1,89.3,10.88
1,1,2,18537.68,59.3,10.6,67.6,89.8,91.8,3.52
7,2,2,17460.02,68.7,12.3,70.6,70.3,70.7,11.03
5,1,1,14084.19,92.0,23.6,35.07072067260742,64.2,60.4,13.87
7,0,0,23348.72,93.1,28.9,19.3,19.9,97.1,1.26
4,1,0,14727.9248046875,61.4,14.9,87.3,13.9,90.4,12.47
8,1,2,21671.06,49.8,16.6,13.1,18.0,75.1,6.08
0,1,1,8029.51,54.6,17.445234298706055,51.6,21.5,88.5,3.56
9,1,2,6485.08,74.7,18.9,79.2,23.4,69.5,1.12
9,2,2,5675.25,95.0,17.3,61.7,50.6,84.7,13.7
9,0,0,9576.73,73.9,29.5,64.2,94.7,67.8,8.55
9,0,1,18634.95,76.5,11.4,58.98695373535156,75.9,70.55619049072266,1.48
5,2,0,12748.31,91.4,22.6,10.5,8.7,62.1,4.35
9,0,0,10266.69,56.3,10.1,74.3,51.2,96.1,5.68
9,1,2,22758.08,85.7,12.0,67.3,85.3,61.2,11.85
1,2,1,6672.14,78.6,21.0,11.2,77.9,69.09424591064453,9.57
2,2,0,23317.95,46.0,19.8,90.4,44.735084533691406,97.9,0.7
9,2,1,6149.18,64.5,18.9,54.0,35.0,57.7,12.66
9,1,2,16003.49,58.0,27.3,66.6,83.7,82.92144775390625,12.62
7,0,0,21123.49,54.7,20.5,31.9,57.9,54.2,8.67
2,1,0,23066.08,92.0,21.1,48.201904296875,52.0,73.3,7.98
9,1,2,8040.55,69.5,28.1,63.2,93.2,97.0,8.15
0,0,1,11855.6005859375,81.9,20.3823184967041,62.9,67.6,50.8,2.8
7,1,2,18853.83,84.6917953491211,25.8,30.3,32.2,85.4,5.19
8,0,0,8897.71,66.8,29.8,77.3,34.9,71.9,10.57
4,1,1,8588.45,43.4,29.6,48.0,56.9,77.4,3.49
4,0,0,17070.06,71.8,15.6,17.7,78.8,75.9,4.94
5,1,2,8507.94,96.2,21.1,88.9,52.61922836303711,71.8,1.77
2,1,0,24739.15,71.8,15.3,87.0,72.6,83.3,2.53
6,1,2,24763.37,49.9,14.26993179321289,82.2,29.7,55.2,1.6
3,1,2,6181.26,57.5,20.6,43.3,46.9,100.0,4.05
7,1,0,14008.17,49.3,12.2,50.5,90.7,87.2,8.62
5,0,1,15596.42,90.4,15.1,83.5,25.5,81.4,10.85
3,1,2,21072.23,95.7,16.3,52.9,88.5,76.0,8.53
2,1,0,7741.87,79.2,12.5299654006958,61.49522399902344,29.6,82.20389556884766,12.03
9,2,1,11140.85,67.8,10.1,63.849098205566406,36.8,79.74703979492188,8.35
5,2,1,23783.56,53.5,24.3,55.4,58.407073974609375,62.2,9.04
8,0,0,18396.07,82.4,21.3,63.1,43.7,76.5,12.1
7,2,2,7090.83,97.8,16.323699951171875,79.1,73.7,63.9,14.81
5,0,0,11528.83,46.7,30.0,66.8,73.4,76.1,14.32
6,1,2,18980.84,92.9,15.688522338867188,31.9,7.7,68.42139434814453,5.53
7,1,0,7505.28,61.2,19.29938507080078,74.4,90.7,65.3,7.19
6,1,1,23980.01,47.8,20.2,67.6,22.561630249023438,61.9,1.43
1,0,0,17140.7,80.2743148803711,13.4,34.6,34.2,54.1,1.1
2,0,0,9020.39,67.0594482421875,14.0,37.6,61.678646087646484,71.43042755126953,1.95
9,1,0,7426.08,63.8,26.5,64.8,10.2,67.33186340332031,3.3
9,0,0,7314.17,47.2,13.9,52.4,55.0,66.3,14.15
2,1,2,11671.8,44.1,29.8,77.7,13.8,72.95281982421875,13.24
1,2,1,18872.89,67.7,28.9,30.5,43.974918365478516,58.8,1.17
8,2,0,22037.91,62.190185546875,29.7,53.41605758666992,41.4,81.7,3.51
9,2,1,21107.26,78.8,19.7,86.5,68.0,87.3,8.68
9,1,2,18976.26171875,58.0,22.207103729248047,44.97267532348633,84.2,81.11903381347656,5.77
9,0,0,5028.53,75.3,26.1,11.9,63.4,64.2,13.34
3,1,1,13679.75,49.5,21.92131996154785,82.2,78.7,70.2,10.07
3,1,2,5883.7,90.1,23.7,10.2,68.3,94.4,13.19
3,1,1,16953.66,74.23522186279297,15.8,53.9,36.7,91.1,6.71
1,2,1,9315.84,85.5,19.8,22.7,52.2,52.6,6.27
9,2,1,7931.46,58.5,20.799724578857422,33.7,40.35544967651367,55.2,3.33
9,0,1,11994.0341796875,69.7,27.5,28.7,21.1,79.1,8.1
9,1,2,13747.0361328125,75.75213623046875,20.3,77.4,94.0,87.1,0.64
9,2,2,23023.41,94.6,18.1,50.9,52.5,79.8,3.49
4,0,0,10171.44,59.81943893432617,10.3,43.77720642089844,24.3,92.5,14.85
5,0,1,18018.42,41.6,10.1,26.5,11.2,92.9,13.91
7,1,0,24121.65,54.83454132080078,16.2,53.8,73.9,83.4,4.59
9,1,0,23875.89,43.1,14.6,30.9,83.5,78.9,5.83
8,2,0,23647.13,96.6,27.4,89.2,89.8,79.97093200683594,5.39
4,0,0,7191.61,61.1,16.6,55.24801254272461,73.6,75.5,9.43
9,0,2,21737.44,71.6,12.3,77.6,37.3,88.0,9.58
7,0,0,19612.89,47.3,20.52018165588379,35.9,57.3,52.7,10.15
6,2,1,13726.37,82.4,12.6,47.3,21.4,72.2,9.77
9,1,2,24492.1,83.4,17.5,71.8,83.1,66.75772857666016,8.16
4,0,0,17500.61,45.0,18.8,37.7,29.07220458984375,95.1,4.48
4,2,1,11788.5126953125,79.1,19.8,52.9,56.3,95.4,3.22
6,2,1,17120.4296875,95.7,19.3,59.5,35.1,86.9,4.82
9,0,1,21306.52,95.5,20.2,59.3,60.5,89.2,9.69
0,0,1,19678.43,65.0,11.7,56.159908294677734,59.5,84.4,5.14
9,2,1,21710.98,93.2,16.8,51.60115432739258,33.4,73.2,14.5
0,2,2,12553.16,100.0,23.5,84.0,31.0,90.3,9.02
9,0,0,21093.21,42.11697769165039,10.4,94.5,76.1,66.3,13.3
